version,name,sql
20260611104405,initial_schema_v1_1,"-- Skyland Command Center Database Schema v1.1
CREATE EXTENSION IF NOT EXISTS pgcrypto;
CREATE TABLE customers (
  id UUID PRIMARY KEY DEFAULT gen_random_uuid(),
  name TEXT NOT NULL,
  slug TEXT UNIQUE NOT NULL,
  config JSONB DEFAULT '{}',
  created_at TIMESTAMPTZ DEFAULT now(),
  updated_at TIMESTAMPTZ DEFAULT now()
);
CREATE TABLE activities (
  id UUID PRIMARY KEY DEFAULT gen_random_uuid(),
  customer_id UUID REFERENCES customers(id) ON DELETE SET NULL,
  agent TEXT NOT NULL,
  action TEXT NOT NULL,
  event_type TEXT NOT NULL,
  severity TEXT DEFAULT 'info' CHECK (severity IN ('info', 'warn', 'error')),
  autonomy_level TEXT DEFAULT 'OBSERVE' CHECK (autonomy_level IN ('OBSERVE', 'SUGGEST', 'ACT', 'SILENT')),
  details JSONB DEFAULT '{}',
  created_at TIMESTAMPTZ DEFAULT now()
);
CREATE INDEX idx_activities_customer ON activities(customer_id);
CREATE INDEX idx_activities_created ON activities(created_at DESC);
CREATE INDEX idx_activities_event_type ON activities(event_type);
CREATE INDEX idx_activities_severity ON activities(severity);
CREATE TABLE tasks (
  id UUID PRIMARY KEY DEFAULT gen_random_uuid(),
  customer_id UUID REFERENCES customers(id) ON DELETE SET NULL,
  parent_task_id UUID REFERENCES tasks(id) ON DELETE SET NULL,
  title TEXT NOT NULL,
  description TEXT,
  assigned_agent TEXT,
  executor TEXT NOT NULL DEFAULT 'local:echo',
  status TEXT DEFAULT 'created' CHECK (status IN ('created','assigned','in_progress','review','completed','failed')),
  priority TEXT DEFAULT 'normal' CHECK (priority IN ('low', 'normal', 'high', 'urgent')),
  input JSONB DEFAULT '{}',
  output JSONB DEFAULT '{}',
  approved_by TEXT,
  approved_at TIMESTAMPTZ,
  created_at TIMESTAMPTZ DEFAULT now(),
  updated_at TIMESTAMPTZ DEFAULT now()
);
CREATE INDEX idx_tasks_status ON tasks(status);
CREATE INDEX idx_tasks_agent ON tasks(assigned_agent);
CREATE INDEX idx_tasks_parent ON tasks(parent_task_id);
CREATE TABLE messages (
  id UUID PRIMARY KEY DEFAULT gen_random_uuid(),
  customer_id UUID REFERENCES customers(id) ON DELETE SET NULL,
  conversation_id UUID,
  role TEXT NOT NULL CHECK (role IN ('user', 'assistant', 'system')),
  channel TEXT DEFAULT 'chat' CHECK (channel IN ('chat','voice','email','sms','whatsapp','webhook')),
  direction TEXT DEFAULT 'internal' CHECK (direction IN ('internal', 'inbound', 'outbound')),
  content TEXT NOT NULL,
  metadata JSONB DEFAULT '{}',
  created_at TIMESTAMPTZ DEFAULT now()
);
CREATE INDEX idx_messages_conversation ON messages(conversation_id);
CREATE INDEX idx_messages_created ON messages(created_at DESC);
CREATE INDEX idx_messages_direction ON messages(direction);
CREATE TABLE agent_configs (
  id UUID PRIMARY KEY DEFAULT gen_random_uuid(),
  agent_name TEXT UNIQUE NOT NULL,
  display_name TEXT NOT NULL,
  description TEXT,
  autonomy_defaults JSONB DEFAULT '{}',
  triggers JSONB DEFAULT '[]',
  enabled BOOLEAN DEFAULT true,
  config JSONB DEFAULT '{}',
  created_at TIMESTAMPTZ DEFAULT now(),
  updated_at TIMESTAMPTZ DEFAULT now()
);
CREATE OR REPLACE VIEW customer_status AS WITH recent_activities AS (
    SELECT customer_id,
      COUNT(*) FILTER (WHERE severity = 'error' AND created_at > now() - interval '24 hours') as errors_24h,
      COUNT(*) FILTER (WHERE severity = 'warn' AND created_at > now() - interval '24 hours') as warnings_24h,
      MAX(created_at) as last_activity
    FROM activities
    WHERE customer_id IS NOT NULL
    GROUP BY customer_id
  ),
  pending_tasks AS (
    SELECT customer_id,
      COUNT(*) FILTER (WHERE status IN ('created', 'assigned', 'in_progress', 'review')) as open_tasks,
      COUNT(*) FILTER (WHERE status = 'failed' AND updated_at > now() - interval '24 hours') as failed_tasks_24h
    FROM tasks
    WHERE customer_id IS NOT NULL
    GROUP BY customer_id
  )
SELECT c.id, c.name, c.slug,
  COALESCE(ra.errors_24h, 0) as errors_24h,
  COALESCE(ra.warnings_24h, 0) as warnings_24h,
  COALESCE(pt.open_tasks, 0) as open_tasks,
  COALESCE(pt.failed_tasks_24h, 0) as failed_tasks_24h,
  ra.last_activity,
  CASE
    WHEN COALESCE(ra.errors_24h, 0) > 0 OR COALESCE(pt.failed_tasks_24h, 0) > 0 THEN 'error'
    WHEN COALESCE(ra.warnings_24h, 0) > 2 OR COALESCE(pt.open_tasks, 0) > 10 THEN 'warning'
    ELSE 'active'
  END as status
FROM customers c
  LEFT JOIN recent_activities ra ON ra.customer_id = c.id
  LEFT JOIN pending_tasks pt ON pt.customer_id = c.id;
CREATE TABLE task_runs (
  id UUID PRIMARY KEY DEFAULT gen_random_uuid(),
  task_id UUID NOT NULL REFERENCES tasks(id) ON DELETE CASCADE,
  run_number INT NOT NULL,
  executor TEXT NOT NULL,
  status TEXT NOT NULL CHECK (status IN ('queued','running','completed','failed','cancelled','timeout')),
  queued_at TIMESTAMPTZ NOT NULL DEFAULT now(),
  started_at TIMESTAMPTZ,
  ended_at TIMESTAMPTZ,
  worker_id TEXT,
  input_snapshot JSONB,
  output JSONB NOT NULL DEFAULT '{}',
  error JSONB NOT NULL DEFAULT '{}',
  metrics JSONB NOT NULL DEFAULT '{}'
);
CREATE UNIQUE INDEX idx_task_runs_task_number ON task_runs(task_id, run_number);
CREATE INDEX idx_task_runs_task_queued ON task_runs(task_id, queued_at DESC);
CREATE TABLE costs (
  id uuid DEFAULT gen_random_uuid() PRIMARY KEY,
  date date NOT NULL,
  provider text NOT NULL,
  model text,
  agent text NOT NULL,
  tokens_in int DEFAULT 0,
  tokens_out int DEFAULT 0,
  cost_usd numeric(10, 6) NOT NULL,
  call_count int DEFAULT 1,
  task_id uuid REFERENCES tasks(id) ON DELETE SET NULL,
  created_at timestamptz DEFAULT now()
);
CREATE INDEX idx_costs_date ON costs(date);
CREATE INDEX idx_costs_provider ON costs(provider);
CREATE INDEX idx_costs_agent ON costs(agent);"
20260611104447,ticket20_rate_limits,"ALTER TABLE tasks ADD COLUMN IF NOT EXISTS rate_limited_at TIMESTAMPTZ;
ALTER TABLE tasks ADD COLUMN IF NOT EXISTS rate_limit_reason TEXT;
COMMENT ON COLUMN tasks.rate_limited_at IS 'Timestamp when task was last rate limited during dispatch';
COMMENT ON COLUMN tasks.rate_limit_reason IS 'Reason for rate limit: concurrent_limit | hourly_limit';"
20260707191034,website_tables_consolidation,"-- =============================================================================
-- Konsolidering: hemsidans (skylandai.se) tabeller in i SCC-projektet
-- Källa: stitch_skyland_ai_operating_system/supabase/migrations/*
--        + voice_calls rekonstruerad från n8n voice-call-ended workflow
-- =============================================================================

CREATE EXTENSION IF NOT EXISTS vector;

CREATE TABLE IF NOT EXISTS sessions (
    id              uuid        PRIMARY KEY DEFAULT gen_random_uuid(),
    session_uuid    uuid        UNIQUE NOT NULL,
    created_at      timestamptz DEFAULT now(),
    last_active_at  timestamptz DEFAULT now(),
    user_agent      text,
    entry_module    text,
    metadata        jsonb       DEFAULT '{}'::jsonb
);

CREATE TABLE IF NOT EXISTS interactions (
    id              uuid        PRIMARY KEY DEFAULT gen_random_uuid(),
    session_uuid    uuid        NOT NULL
                                REFERENCES sessions(session_uuid) ON DELETE CASCADE,
    type            text        NOT NULL
                                CHECK (type IN ('voice', 'form', 'view')),
    payload         jsonb       DEFAULT '{}'::jsonb,
    created_at      timestamptz DEFAULT now()
);

CREATE TABLE IF NOT EXISTS prospects (
    id              uuid        PRIMARY KEY DEFAULT gen_random_uuid(),
    session_uuid    uuid        NOT NULL
                                REFERENCES sessions(session_uuid) ON DELETE CASCADE,
    customer_id     uuid        REFERENCES customers(id) ON DELETE SET NULL,
    name            text,
    email           text,
    company         text,
    website         text,
    phone           text,
    message         text,
    score           integer     DEFAULT 0,
    consent_given   boolean     DEFAULT false,
    retention_until timestamptz DEFAULT now() + interval '30 days',
    created_at      timestamptz DEFAULT now()
);

CREATE TABLE IF NOT EXISTS knowledge_base (
    id              uuid        PRIMARY KEY DEFAULT gen_random_uuid(),
    title           text        NOT NULL,
    content         text        NOT NULL,
    category        text        CHECK (category IN ('service', 'faq', 'case_study', 'tech')),
    embedding       vector(1536),
    metadata        jsonb       DEFAULT '{}'::jsonb,
    created_at      timestamptz DEFAULT now()
);

CREATE TABLE IF NOT EXISTS voice_calls (
    id               uuid        PRIMARY KEY DEFAULT gen_random_uuid(),
    session_uuid     uuid        REFERENCES sessions(session_uuid) ON DELETE SET NULL,
    prospect_id      uuid        REFERENCES prospects(id) ON DELETE SET NULL,
    customer_id      uuid        REFERENCES customers(id) ON DELETE SET NULL,
    provider         text        NOT NULL DEFAULT 'elevenlabs',
    external_call_id text        NOT NULL,
    call_source      text,
    agent_id         text,
    started_at       timestamptz,
    ended_at         timestamptz,
    duration_seconds integer,
    transcript       text,
    summary          text,
    recording_url    text,
    extracted_data   jsonb       DEFAULT '{}'::jsonb,
    metadata         jsonb       DEFAULT '{}'::jsonb,
    raw_payload      jsonb       DEFAULT '{}'::jsonb,
    created_at       timestamptz DEFAULT now(),
    updated_at       timestamptz DEFAULT now(),
    CONSTRAINT voice_calls_provider_external_unique UNIQUE (provider, external_call_id)
);

CREATE INDEX IF NOT EXISTS idx_sessions_session_uuid ON sessions (session_uuid);
CREATE INDEX IF NOT EXISTS idx_interactions_session_uuid ON interactions (session_uuid);
CREATE INDEX IF NOT EXISTS idx_prospects_session_uuid ON prospects (session_uuid);
CREATE INDEX IF NOT EXISTS idx_prospects_customer ON prospects (customer_id);
CREATE INDEX IF NOT EXISTS idx_voice_calls_session ON voice_calls (session_uuid);
CREATE INDEX IF NOT EXISTS idx_knowledge_base_embedding ON knowledge_base
    USING ivfflat (embedding vector_cosine_ops) WITH (lists = 100);

ALTER TABLE knowledge_base ADD CONSTRAINT knowledge_base_title_unique UNIQUE (title);

CREATE OR REPLACE FUNCTION match_knowledge_base(
    query_embedding vector(1536),
    match_threshold float DEFAULT 0.5,
    match_count int DEFAULT 5
)
RETURNS TABLE (
    id uuid, title text, content text, category text, metadata jsonb, similarity float
)
LANGUAGE sql STABLE
AS $$
    SELECT kb.id, kb.title, kb.content, kb.category, kb.metadata,
           1 - (kb.embedding <=> query_embedding) AS similarity
    FROM knowledge_base kb
    WHERE 1 - (kb.embedding <=> query_embedding) > match_threshold
    ORDER BY kb.embedding <=> query_embedding
    LIMIT match_count;
$$;

ALTER TABLE sessions       ENABLE ROW LEVEL SECURITY;
ALTER TABLE interactions   ENABLE ROW LEVEL SECURITY;
ALTER TABLE prospects      ENABLE ROW LEVEL SECURITY;
ALTER TABLE knowledge_base ENABLE ROW LEVEL SECURITY;
ALTER TABLE voice_calls    ENABLE ROW LEVEL SECURITY;

CREATE POLICY ""deny_all_anon_sessions"" ON sessions FOR ALL TO anon USING (false);
CREATE POLICY ""deny_all_anon_interactions"" ON interactions FOR ALL TO anon USING (false);
CREATE POLICY ""deny_all_anon_prospects"" ON prospects FOR ALL TO anon USING (false);
CREATE POLICY ""deny_all_anon_knowledge_base"" ON knowledge_base FOR ALL TO anon USING (false);
CREATE POLICY ""deny_all_anon_voice_calls"" ON voice_calls FOR ALL TO anon USING (false);
CREATE POLICY ""deny_all_authenticated_sessions"" ON sessions FOR ALL TO authenticated USING (false);
CREATE POLICY ""deny_all_authenticated_interactions"" ON interactions FOR ALL TO authenticated USING (false);
CREATE POLICY ""deny_all_authenticated_prospects"" ON prospects FOR ALL TO authenticated USING (false);
CREATE POLICY ""deny_all_authenticated_knowledge_base"" ON knowledge_base FOR ALL TO authenticated USING (false);
CREATE POLICY ""deny_all_authenticated_voice_calls"" ON voice_calls FOR ALL TO authenticated USING (false);"
20260707192344,prospects_schema_drift_source_status,"-- Schema-drift från hemsidans live-DB: source/status/updated_at fanns i drift men inte i repo-migrationen
ALTER TABLE prospects ADD COLUMN IF NOT EXISTS source text;
ALTER TABLE prospects ADD COLUMN IF NOT EXISTS status text DEFAULT 'new';
ALTER TABLE prospects ADD COLUMN IF NOT EXISTS updated_at timestamptz DEFAULT now();
NOTIFY pgrst, 'reload schema';"
20260707192506,kb_category_add_industry,"-- Live-datan har kategorin 'industry' (KUNSKAPSBAS-branscher-v3) som saknades i repo-schemat
ALTER TABLE knowledge_base DROP CONSTRAINT IF EXISTS knowledge_base_category_check;
ALTER TABLE knowledge_base ADD CONSTRAINT knowledge_base_category_check
  CHECK (category IN ('service', 'faq', 'case_study', 'tech', 'industry'));"
20260710220934,create_events_table,"-- Anonym telemetri från skyland-ai-os.netlify.app.
-- Inga persondata: ingen IP, ingen user-agent, ingen fingerprinting.
create table if not exists public.events (
  id uuid primary key default gen_random_uuid(),
  session_uuid uuid not null,
  type text not null,
  data jsonb not null default '{}'::jsonb,
  created_at timestamptz not null default now()
);

create index if not exists events_session_idx on public.events (session_uuid, created_at);
create index if not exists events_type_created_idx on public.events (type, created_at desc);
create index if not exists events_created_idx on public.events (created_at desc);

alter table public.events enable row level security;
-- Ingen anon-åtkomst: skrivningar går via n8n (service role), läsning via SCC-backend (service role)."
20260712125059,ticket22_contacts,"CREATE EXTENSION IF NOT EXISTS pgcrypto;

CREATE TABLE IF NOT EXISTS contacts (
    id uuid PRIMARY KEY DEFAULT gen_random_uuid(),
    customer_id uuid REFERENCES customers(id) ON DELETE SET NULL,
    name text,
    email text,
    phone text,
    company text,
    website text,
    tags text[] NOT NULL DEFAULT '{}',
    custom jsonb NOT NULL DEFAULT '{}',
    status text NOT NULL DEFAULT 'new'
        CHECK (status IN ('new', 'working', 'qualified', 'won', 'lost')),
    source text,
    dedupe_key text,
    created_at timestamptz NOT NULL DEFAULT now(),
    updated_at timestamptz NOT NULL DEFAULT now()
);

CREATE UNIQUE INDEX IF NOT EXISTS idx_contacts_dedupe_key
    ON contacts(dedupe_key) WHERE dedupe_key IS NOT NULL;
CREATE INDEX IF NOT EXISTS idx_contacts_customer ON contacts(customer_id);
CREATE INDEX IF NOT EXISTS idx_contacts_email ON contacts(email) WHERE email IS NOT NULL;
CREATE INDEX IF NOT EXISTS idx_contacts_status ON contacts(status);
CREATE INDEX IF NOT EXISTS idx_contacts_created ON contacts(created_at DESC);

INSERT INTO contacts (name, email, phone, company, website, status, source, dedupe_key, custom, created_at)
SELECT
    NULLIF(a.details->>'name', '')                          AS name,
    NULLIF(a.details->>'email', '')                         AS email,
    NULLIF(a.details->>'phone', '')                         AS phone,
    NULLIF(a.details->>'company', '')                       AS company,
    NULLIF(a.details->>'website', '')                       AS website,
    'new'                                                   AS status,
    COALESCE(a.details->>'source', 'lead')                  AS source,
    a.details->>'dedupe_key'                                AS dedupe_key,
    jsonb_build_object(
        'message',  a.details->>'message',
        'summary',  a.details->>'summary',
        'score',    a.details->>'score',
        'backfilled_from_activity', a.id
    )                                                       AS custom,
    a.created_at
FROM activities a
WHERE a.event_type = 'lead'
  AND a.details->>'dedupe_key' IS NOT NULL
  AND NOT EXISTS (
      SELECT 1 FROM contacts c WHERE c.dedupe_key = a.details->>'dedupe_key'
  );"
20260712125119,ticket24_pipelines,"CREATE EXTENSION IF NOT EXISTS pgcrypto;

CREATE TABLE IF NOT EXISTS pipelines (
    id uuid PRIMARY KEY DEFAULT gen_random_uuid(),
    customer_id uuid REFERENCES customers(id) ON DELETE SET NULL,
    name text NOT NULL,
    is_default boolean NOT NULL DEFAULT false,
    created_at timestamptz NOT NULL DEFAULT now()
);

CREATE TABLE IF NOT EXISTS stages (
    id uuid PRIMARY KEY DEFAULT gen_random_uuid(),
    pipeline_id uuid NOT NULL REFERENCES pipelines(id) ON DELETE CASCADE,
    name text NOT NULL,
    position int NOT NULL DEFAULT 0,
    created_at timestamptz NOT NULL DEFAULT now()
);
CREATE INDEX IF NOT EXISTS idx_stages_pipeline ON stages(pipeline_id, position);

CREATE TABLE IF NOT EXISTS opportunities (
    id uuid PRIMARY KEY DEFAULT gen_random_uuid(),
    contact_id uuid REFERENCES contacts(id) ON DELETE CASCADE,
    pipeline_id uuid NOT NULL REFERENCES pipelines(id) ON DELETE CASCADE,
    stage_id uuid REFERENCES stages(id) ON DELETE SET NULL,
    customer_id uuid REFERENCES customers(id) ON DELETE SET NULL,
    title text NOT NULL,
    value_sek numeric(12, 2),
    status text NOT NULL DEFAULT 'open' CHECK (status IN ('open', 'won', 'lost')),
    created_at timestamptz NOT NULL DEFAULT now(),
    updated_at timestamptz NOT NULL DEFAULT now()
);
CREATE INDEX IF NOT EXISTS idx_opportunities_pipeline ON opportunities(pipeline_id);
CREATE INDEX IF NOT EXISTS idx_opportunities_stage ON opportunities(stage_id);
CREATE INDEX IF NOT EXISTS idx_opportunities_contact ON opportunities(contact_id);

DO $$
DECLARE
    pid uuid;
BEGIN
    IF NOT EXISTS (SELECT 1 FROM pipelines WHERE is_default) THEN
        INSERT INTO pipelines (name, is_default) VALUES ('Sales', true) RETURNING id INTO pid;
        INSERT INTO stages (pipeline_id, name, position) VALUES
            (pid, 'New',       0),
            (pid, 'Contacted', 1),
            (pid, 'Qualified', 2),
            (pid, 'Proposal',  3),
            (pid, 'Won',       4),
            (pid, 'Lost',      5);
    END IF;
END $$;"
20260712125640,ticket22_24_customer_status_crm,"CREATE OR REPLACE VIEW customer_status AS
WITH recent_activities AS (
    SELECT customer_id,
      COUNT(*) FILTER (WHERE severity = 'error' AND created_at > now() - interval '24 hours') as errors_24h,
      COUNT(*) FILTER (WHERE severity = 'warn'  AND created_at > now() - interval '24 hours') as warnings_24h,
      MAX(created_at) as last_activity
    FROM activities
    WHERE customer_id IS NOT NULL
    GROUP BY customer_id
  ),
  pending_tasks AS (
    SELECT customer_id,
      COUNT(*) FILTER (WHERE status IN ('created', 'assigned', 'in_progress', 'review')) as open_tasks,
      COUNT(*) FILTER (WHERE status = 'failed' AND updated_at > now() - interval '24 hours') as failed_tasks_24h
    FROM tasks
    WHERE customer_id IS NOT NULL
    GROUP BY customer_id
  ),
  crm_contacts AS (
    SELECT customer_id, COUNT(*) as contacts_count
    FROM contacts
    WHERE customer_id IS NOT NULL
    GROUP BY customer_id
  ),
  crm_opps AS (
    SELECT customer_id, COUNT(*) as open_opportunities
    FROM opportunities
    WHERE status = 'open' AND customer_id IS NOT NULL
    GROUP BY customer_id
  )
SELECT c.id,
  c.name,
  c.slug,
  COALESCE(ra.errors_24h, 0) as errors_24h,
  COALESCE(ra.warnings_24h, 0) as warnings_24h,
  COALESCE(pt.open_tasks, 0) as open_tasks,
  COALESCE(pt.failed_tasks_24h, 0) as failed_tasks_24h,
  ra.last_activity,
  CASE
    WHEN COALESCE(ra.errors_24h, 0) > 0 OR COALESCE(pt.failed_tasks_24h, 0) > 0 THEN 'error'
    WHEN COALESCE(ra.warnings_24h, 0) > 2 OR COALESCE(pt.open_tasks, 0) > 10 THEN 'warning'
    ELSE 'active'
  END as status,
  COALESCE(cc.contacts_count, 0) as contacts_count,
  COALESCE(co.open_opportunities, 0) as open_opportunities
FROM customers c
  LEFT JOIN recent_activities ra ON ra.customer_id = c.id
  LEFT JOIN pending_tasks pt ON pt.customer_id = c.id
  LEFT JOIN crm_contacts cc ON cc.customer_id = c.id
  LEFT JOIN crm_opps co ON co.customer_id = c.id;"
20260714070956,ticket30_outbound,"-- SCC-30 — Outbound messaging: leveransstatus + leverantörs-id på messages.
-- Additiv migration; befintliga rader påverkas inte (status NULL = ej relevant).

ALTER TABLE messages
  ADD COLUMN IF NOT EXISTS status TEXT
    CHECK (status IN ('queued', 'sent', 'failed', 'delivered', 'bounced', 'complained'));

ALTER TABLE messages
  ADD COLUMN IF NOT EXISTS provider_message_id TEXT;

CREATE INDEX IF NOT EXISTS idx_messages_provider_message_id
  ON messages (provider_message_id)
  WHERE provider_message_id IS NOT NULL;

CREATE INDEX IF NOT EXISTS idx_messages_outbound_created
  ON messages (created_at)
  WHERE direction = 'outbound';"
20260714142417,ticket39_deliverables,"-- SCC-39 — DB-baserat arkiv: deliverables flyttar från ~/clawd/archive (fil) till Supabase.
-- Additiv; frontendens kontrakt (entries/report/artifacts) bevaras av routen.

CREATE TABLE IF NOT EXISTS deliverables (
  id TEXT PRIMARY KEY,
  type TEXT NOT NULL DEFAULT 'report',
  entity JSONB NOT NULL DEFAULT '{}',
  status TEXT,
  score NUMERIC,
  gate_pass BOOLEAN,
  title TEXT,
  summary TEXT,
  tags TEXT[] NOT NULL DEFAULT '{}',
  report_md TEXT,
  artifacts JSONB NOT NULL DEFAULT '[]',
  source TEXT NOT NULL DEFAULT 'api',
  customer_id UUID REFERENCES customers(id) ON DELETE SET NULL,
  contact_id UUID,
  date TIMESTAMPTZ,
  created_at TIMESTAMPTZ NOT NULL DEFAULT now()
);

CREATE INDEX IF NOT EXISTS idx_deliverables_type ON deliverables (type);
CREATE INDEX IF NOT EXISTS idx_deliverables_status ON deliverables (status);
CREATE INDEX IF NOT EXISTS idx_deliverables_date ON deliverables (date DESC NULLS LAST);"
20260715173334,instagram_channel_in_messages,"-- IG DM är primär outreach-kanal — måste kunna loggas i messages.
alter table messages drop constraint messages_channel_check;
alter table messages add constraint messages_channel_check
  check (channel = any (array['chat'::text, 'voice'::text, 'email'::text, 'sms'::text, 'whatsapp'::text, 'webhook'::text, 'instagram'::text]));"
20260720153604,create_todos_table,"
create table if not exists todos (
  id uuid primary key default gen_random_uuid(),
  title text not null,
  notes text,
  done boolean not null default false,
  due_at timestamptz,
  priority text not null default 'normal' check (priority in ('low','normal','high','urgent')),
  contact_id uuid references contacts(id) on delete set null,
  opportunity_id uuid references opportunities(id) on delete set null,
  source text not null default 'manual',
  auto_key text,
  created_at timestamptz not null default now(),
  updated_at timestamptz not null default now(),
  completed_at timestamptz
);
create index if not exists idx_todos_done on todos(done);
create index if not exists idx_todos_due on todos(due_at);
create index if not exists idx_todos_contact on todos(contact_id);
-- Bara en öppen auto-todo per nyckel (t.ex. ""reply:<contact_id>"") — släpps när den bockas av.
create unique index if not exists uq_todos_auto_open on todos(auto_key) where done = false and auto_key is not null;
"
20260721220644,studio_assets,"
create table if not exists studio_assets (
    id uuid primary key default gen_random_uuid(),
    contact_id uuid not null references contacts(id) on delete cascade,
    opportunity_id uuid references opportunities(id) on delete set null,
    kind text not null,                          -- landing|ad|carousel|video|poster|sheet|one-pager|internal-brief|other
    audience text not null default 'client',     -- internal | client
    title text not null,
    storage_path text not null,                  -- sökväg i bucketen studio-material
    mime text,
    file_size bigint,
    version int not null default 1,
    is_latest boolean not null default true,
    source text,                                 -- vem/vad som producerade den
    tags text[] not null default '{}',
    notes text,
    created_at timestamptz not null default now(),
    updated_at timestamptz not null default now()
);
create index if not exists idx_studio_assets_contact on studio_assets(contact_id);
create index if not exists idx_studio_assets_contact_kind on studio_assets(contact_id, kind);
create index if not exists idx_studio_assets_latest on studio_assets(contact_id, kind, is_latest) where is_latest;
"
20260727084116,create_ad_library,"-- ad_library: Meta Ad Library-spaning (ad-intel-skillen skriver, Alex läser).
-- Körtid (days_running) är lönsamhetsproxyn — Ad Library visar aldrig ROAS/CTR/spend.
-- Upsert på ad_archive_id: en rad per annons, uppdateras vid varje ny scrape.

create table if not exists public.ad_library (
  id                  uuid primary key default gen_random_uuid(),
  ad_archive_id       text not null unique,
  page_name           text not null,
  page_id             text,
  advertiser_norm     text,
  vertical            text not null default 'tattoo',
  geo_scope           text not null,
  countries           text[] default '{}',
  search_term         text,
  ad_text             text,
  cta_type            text,
  media_type          text,
  creative_urls       jsonb not null default '[]',
  landing_url         text,
  publisher_platforms text[] default '{}',
  start_date          date,
  end_date            date,
  is_active           boolean,
  days_running        integer,
  first_scraped_at    timestamptz not null default now(),
  last_scraped_at     timestamptz not null default now(),
  raw                 jsonb
);

comment on table public.ad_library is
  'Meta Ad Library-scrapes (ad-intel). Körtid är enda lönsamhetssignalen — Ad Library exponerar ingen prestanda.';

create index if not exists ad_library_winners_idx
  on public.ad_library (vertical, is_active, days_running desc);
create index if not exists ad_library_advertiser_idx
  on public.ad_library (advertiser_norm);
create index if not exists ad_library_page_name_idx
  on public.ad_library (page_name);

alter table public.ad_library enable row level security;"
20260804134729,add_video_analysis_to_ad_library,"-- Strukturerad videoanalys per annons (video-watch-skillen skriver, ad-intel läser).
-- Schema för video_analysis (jsonb):
--   hook: {typ, sekunder, beskrivning}
--   klipprytm: text (snabb/medel/lugn + ev. antal klipp)
--   text_on_screen: [{tid, text}]
--   cta: {tidpunkt, typ, text}
--   manniskor, miljo, ljud, helhetsintryck: text
alter table ad_library
  add column if not exists video_analysis jsonb,
  add column if not exists video_analyzed_at timestamptz;

comment on column ad_library.video_analysis is
  'Strukturerad analys av videokreativet (video-watch-skillen). Fast schema: hook{typ,sekunder,beskrivning}, klipprytm, text_on_screen[], cta{tidpunkt,typ,text}, manniskor, miljo, ljud, helhetsintryck.';"
20260810192654,ce10_tenants,"-- ============================================================================
-- CE-10 (del 1) — TENANTS
-- Tenant-registret. Cold Experience Lapland AB blir första EXTERNA tenant;
-- 'skyland' representerar Joakims egen interna drift (tattoo/beauty-pipelines).
-- Idempotent.
-- ============================================================================

CREATE EXTENSION IF NOT EXISTS pgcrypto;

CREATE TABLE IF NOT EXISTS tenants (
    id          uuid PRIMARY KEY DEFAULT gen_random_uuid(),
    slug        text UNIQUE NOT NULL,
    name        text NOT NULL,
    org_no      text,
    vertical    text,                       -- 'experience' | 'tattoo' | 'beauty' | 'internal'
    status      text NOT NULL DEFAULT 'active'
                CHECK (status IN ('active', 'paused', 'offboarded')),
    -- Kommersiella villkor per tenant (provision, valuta, kostnadsdelning).
    commercials jsonb NOT NULL DEFAULT '{}'::jsonb,
    config      jsonb NOT NULL DEFAULT '{}'::jsonb,
    created_at  timestamptz NOT NULL DEFAULT now(),
    updated_at  timestamptz NOT NULL DEFAULT now()
);

COMMENT ON TABLE tenants IS
    'Tenant-registret för SCC. Data tillhör tenanten; plattformen gör det inte.';

INSERT INTO tenants (slug, name, vertical, commercials, config)
VALUES
  ('skyland', 'Skyland AI Solutions (intern)', 'internal',
   '{}'::jsonb,
   '{""note"": ""Joakims egen drift — tattoo- och beauty-pipelines""}'::jsonb),
  ('cold-experience', 'Cold Experience Lapland AB', 'experience',
   jsonb_build_object(
     'commission_rate', 0.10,
     'commission_basis', 'gross_incl_vat',
     'billing', 'monthly_on_paid_bookings',
     'upfront', 0,
     'ad_spend_paid_by', 'tenant',
     'platform_ownership', 'skyland'
   ),
   jsonb_build_object(
     'org_no', '559558-0233',
     'meta_business_id', '698578172315817',
     'meta_page_id', '121304091066868',
     'languages', jsonb_build_array('en', 'sv', 'de', 'pl'),
     'season_months', jsonb_build_array(1, 2, 3, 4),
     'group_size_core', jsonb_build_array(4, 8)
   ))
ON CONFLICT (slug) DO NOTHING;

UPDATE tenants SET org_no = '559558-0233'
 WHERE slug = 'cold-experience' AND org_no IS DISTINCT FROM '559558-0233';

-- ----------------------------------------------------------------------------
-- Hjälpfunktioner: aktuell tenant ur JWT-claim eller session-GUC.
-- Backenden kör som service_role (bypassar RLS). Dessa används av RLS-policies
-- för framtida per-tenant-nycklar och av tester.
-- ----------------------------------------------------------------------------
CREATE OR REPLACE FUNCTION current_tenant_id()
RETURNS uuid
LANGUAGE sql STABLE
AS $$
    SELECT COALESCE(
        NULLIF(current_setting('request.jwt.claims', true)::jsonb ->> 'tenant_id', ''),
        NULLIF(current_setting('app.tenant_id', true), '')
    )::uuid
$$;

CREATE OR REPLACE FUNCTION tenant_id_by_slug(p_slug text)
RETURNS uuid
LANGUAGE sql STABLE
AS $$
    SELECT id FROM tenants WHERE slug = p_slug
$$;

-- Generisk updated_at-trigger (återanvänds av alla ce_-tabeller).
CREATE OR REPLACE FUNCTION set_updated_at()
RETURNS trigger
LANGUAGE plpgsql
AS $$
BEGIN
    NEW.updated_at := now();
    RETURN NEW;
END;
$$;

DROP TRIGGER IF EXISTS trg_tenants_updated_at ON tenants;
CREATE TRIGGER trg_tenants_updated_at
    BEFORE UPDATE ON tenants
    FOR EACH ROW EXECUTE FUNCTION set_updated_at();
"
20260810192800,ce11_core_entities,"-- ============================================================================
-- CE-11 — KÄRNENTITETER för Cold Experience-leadsystemet
-- ce_leads, ce_conversations, ce_messages, ce_customers, ce_bookings,
-- ce_payments. Fulla entiteter från dag ett — nivå 2 ska bli UI-bygge,
-- inte migrering. Tenant-generiskt (tenant_id överallt). Idempotent.
-- ============================================================================

CREATE EXTENSION IF NOT EXISTS pgcrypto;

-- ----------------------------------------------------------------------------
-- ce_leads — allt som kommer in från annons/konversation
-- ----------------------------------------------------------------------------
CREATE TABLE IF NOT EXISTS ce_leads (
    id              uuid PRIMARY KEY DEFAULT gen_random_uuid(),
    tenant_id       uuid NOT NULL REFERENCES tenants(id) ON DELETE RESTRICT,

    -- Identitet
    name            text,
    phone           text,                 -- E.164
    wa_id           text,                 -- WhatsApp-id (kan skilja från phone)
    email           text,
    country         text,                 -- ISO-3166 alpha-2
    language        text NOT NULL DEFAULT 'en',   -- en | sv | de | pl

    -- Ursprung / attribution
    source          text NOT NULL DEFAULT 'ctwa'
                    CHECK (source IN ('ctwa', 'lead_ads', 'messenger', 'manual', 'organic')),
    channel         text NOT NULL DEFAULT 'whatsapp'
                    CHECK (channel IN ('whatsapp', 'messenger', 'sms', 'email', 'other')),
    ad_referral     jsonb NOT NULL DEFAULT '{}'::jsonb,  -- ad_id, headline, ctwa_clid, source_url
    ad_id           text,
    campaign_id     text,

    -- Kvalificering (matchar produkten: 5-7 dagar, grupper om 4-8)
    group_size      integer CHECK (group_size IS NULL OR group_size > 0),
    desired_from    date,
    desired_to      date,
    budget_signal   text,
    qualification   jsonb NOT NULL DEFAULT '{}'::jsonb,
    hot_reasons     text[] NOT NULL DEFAULT '{}',

    -- Statusmaskin (CE-12)
    status          text NOT NULL DEFAULT 'new'
                    CHECK (status IN (
                        'new', 'contacted', 'in_conversation', 'qualifying',
                        'hot', 'handed_off', 'booked', 'paid',
                        'cold', 'nurture', 'opted_out'
                    )),

    -- Milstolpar (stämplas automatiskt av statustriggern — faktureringsunderlag)
    first_contact_at timestamptz,
    hot_at           timestamptz,
    handed_off_at    timestamptz,
    booked_at        timestamptz,
    paid_at          timestamptz,
    opted_out_at     timestamptz,
    opt_out_reason   text,

    -- GDPR
    erased_at        timestamptz,

    notes           text,
    custom          jsonb NOT NULL DEFAULT '{}'::jsonb,
    dedupe_key      text,
    created_at      timestamptz NOT NULL DEFAULT now(),
    updated_at      timestamptz NOT NULL DEFAULT now()
);

COMMENT ON TABLE ce_leads IS
    'Leads per tenant. Datan tillhör tenanten och ska vara exporterbar när som helst.';

CREATE UNIQUE INDEX IF NOT EXISTS idx_ce_leads_dedupe
    ON ce_leads(tenant_id, dedupe_key) WHERE dedupe_key IS NOT NULL;
CREATE UNIQUE INDEX IF NOT EXISTS idx_ce_leads_phone
    ON ce_leads(tenant_id, phone) WHERE phone IS NOT NULL;
CREATE INDEX IF NOT EXISTS idx_ce_leads_tenant_status ON ce_leads(tenant_id, status);
CREATE INDEX IF NOT EXISTS idx_ce_leads_created ON ce_leads(tenant_id, created_at DESC);
CREATE INDEX IF NOT EXISTS idx_ce_leads_hot ON ce_leads(tenant_id, hot_at DESC) WHERE hot_at IS NOT NULL;
CREATE INDEX IF NOT EXISTS idx_ce_leads_paid ON ce_leads(tenant_id, paid_at DESC) WHERE paid_at IS NOT NULL;
CREATE INDEX IF NOT EXISTS idx_ce_leads_email ON ce_leads(tenant_id, email) WHERE email IS NOT NULL;
CREATE INDEX IF NOT EXISTS idx_ce_leads_ad ON ce_leads(tenant_id, ad_id) WHERE ad_id IS NOT NULL;

-- ----------------------------------------------------------------------------
-- ce_conversations — en tråd per lead och kanal, med BÅDA fönstren
-- ----------------------------------------------------------------------------
CREATE TABLE IF NOT EXISTS ce_conversations (
    id              uuid PRIMARY KEY DEFAULT gen_random_uuid(),
    tenant_id       uuid NOT NULL REFERENCES tenants(id) ON DELETE RESTRICT,
    lead_id         uuid NOT NULL REFERENCES ce_leads(id) ON DELETE CASCADE,

    channel         text NOT NULL DEFAULT 'whatsapp'
                    CHECK (channel IN ('whatsapp', 'messenger', 'sms', 'email', 'other')),
    external_id     text,                 -- WABA-konversations-id / Messenger thread-id
    entry_point     text NOT NULL DEFAULT 'ctwa'
                    CHECK (entry_point IN ('ctwa', 'lead_ads', 'messenger', 'organic', 'manual')),

    status          text NOT NULL DEFAULT 'open'
                    CHECK (status IN ('open', 'closed')),

    -- Human takeover (CE-41): kollas före VARJE utskick
    human_active        boolean NOT NULL DEFAULT false,
    human_active_since  timestamptz,

    -- De två fönstren (se kostnadsnotisen i backloggen)
    -- service_window: 24h från kundens senaste meddelande — styr FORMAT
    -- free_entry:     72h från VÅRT första levererade svar (CTWA) — styr KOSTNAD
    last_inbound_at             timestamptz,
    last_outbound_at            timestamptz,
    service_window_expires_at   timestamptz,
    free_entry_expires_at       timestamptz,
    free_entry_opened_at        timestamptz,

    -- Uppföljningsmotorn (CE-43)
    followup_step       integer NOT NULL DEFAULT 0,
    next_followup_at    timestamptz,
    language            text,

    meta            jsonb NOT NULL DEFAULT '{}'::jsonb,
    created_at      timestamptz NOT NULL DEFAULT now(),
    updated_at      timestamptz NOT NULL DEFAULT now()
);

CREATE UNIQUE INDEX IF NOT EXISTS idx_ce_conv_external
    ON ce_conversations(tenant_id, channel, external_id) WHERE external_id IS NOT NULL;
CREATE INDEX IF NOT EXISTS idx_ce_conv_lead ON ce_conversations(lead_id);
CREATE INDEX IF NOT EXISTS idx_ce_conv_tenant_status ON ce_conversations(tenant_id, status);
CREATE INDEX IF NOT EXISTS idx_ce_conv_human ON ce_conversations(tenant_id) WHERE human_active;
CREATE INDEX IF NOT EXISTS idx_ce_conv_next_followup
    ON ce_conversations(next_followup_at)
    WHERE next_followup_at IS NOT NULL AND status = 'open' AND NOT human_active;
CREATE INDEX IF NOT EXISTS idx_ce_conv_free_entry ON ce_conversations(free_entry_expires_at);

-- ----------------------------------------------------------------------------
-- ce_messages — varje meddelande, med kostnads- och kategorimärkning
-- ----------------------------------------------------------------------------
CREATE TABLE IF NOT EXISTS ce_messages (
    id              uuid PRIMARY KEY DEFAULT gen_random_uuid(),
    tenant_id       uuid NOT NULL REFERENCES tenants(id) ON DELETE RESTRICT,
    conversation_id uuid NOT NULL REFERENCES ce_conversations(id) ON DELETE CASCADE,
    lead_id         uuid REFERENCES ce_leads(id) ON DELETE CASCADE,

    direction       text NOT NULL CHECK (direction IN ('inbound', 'outbound')),
    sender          text NOT NULL DEFAULT 'agent'
                    CHECK (sender IN ('lead', 'agent', 'human', 'system')),
    channel         text NOT NULL DEFAULT 'whatsapp',
    external_id     text,

    body            text,
    language        text,
    message_type    text NOT NULL DEFAULT 'text'
                    CHECK (message_type IN ('text', 'template', 'image', 'video',
                                            'audio', 'document', 'location',
                                            'interactive', 'reaction', 'system')),
    template_name       text,
    template_category   text CHECK (template_category IS NULL OR template_category IN
                        ('marketing', 'utility', 'authentication', 'service')),

    -- Kostnadstak/larm (CE-44) räknar på dessa
    billable        boolean NOT NULL DEFAULT false,
    cost_amount     numeric(10,4),
    cost_currency   text DEFAULT 'SEK',
    free_entry      boolean NOT NULL DEFAULT false,  -- skickat inom 72h-fönstret

    status          text NOT NULL DEFAULT 'queued'
                    CHECK (status IN ('queued', 'sent', 'delivered', 'read', 'failed')),
    delivered_at    timestamptz,
    error           jsonb,
    raw             jsonb NOT NULL DEFAULT '{}'::jsonb,
    created_at      timestamptz NOT NULL DEFAULT now(),
    updated_at      timestamptz NOT NULL DEFAULT now()
);

CREATE UNIQUE INDEX IF NOT EXISTS idx_ce_msg_external
    ON ce_messages(tenant_id, channel, external_id) WHERE external_id IS NOT NULL;
CREATE INDEX IF NOT EXISTS idx_ce_msg_conv ON ce_messages(conversation_id, created_at);
CREATE INDEX IF NOT EXISTS idx_ce_msg_lead ON ce_messages(lead_id, created_at);
CREATE INDEX IF NOT EXISTS idx_ce_msg_billable
    ON ce_messages(tenant_id, created_at DESC) WHERE billable;

-- ----------------------------------------------------------------------------
-- ce_customers — lead som blivit kund
-- ----------------------------------------------------------------------------
CREATE TABLE IF NOT EXISTS ce_customers (
    id          uuid PRIMARY KEY DEFAULT gen_random_uuid(),
    tenant_id   uuid NOT NULL REFERENCES tenants(id) ON DELETE RESTRICT,
    lead_id     uuid REFERENCES ce_leads(id) ON DELETE SET NULL,
    name        text,
    email       text,
    phone       text,
    country     text,
    language    text,
    notes       text,
    custom      jsonb NOT NULL DEFAULT '{}'::jsonb,
    erased_at   timestamptz,
    created_at  timestamptz NOT NULL DEFAULT now(),
    updated_at  timestamptz NOT NULL DEFAULT now()
);
CREATE INDEX IF NOT EXISTS idx_ce_cust_tenant ON ce_customers(tenant_id);
CREATE INDEX IF NOT EXISTS idx_ce_cust_lead ON ce_customers(lead_id);

-- ----------------------------------------------------------------------------
-- ce_bookings — medvetet spartansk logg (CE-50), men provisionsbärande
-- ----------------------------------------------------------------------------
CREATE TABLE IF NOT EXISTS ce_bookings (
    id              uuid PRIMARY KEY DEFAULT gen_random_uuid(),
    tenant_id       uuid NOT NULL REFERENCES tenants(id) ON DELETE RESTRICT,
    lead_id         uuid REFERENCES ce_leads(id) ON DELETE SET NULL,
    customer_id     uuid REFERENCES ce_customers(id) ON DELETE SET NULL,

    title           text,
    package         text,
    group_size      integer,
    starts_on       date,
    ends_on         date,

    -- Provisionen räknas på det kunden betalar INKLUSIVE moms
    amount_gross    numeric(12,2) NOT NULL DEFAULT 0,
    currency        text NOT NULL DEFAULT 'SEK',
    commission_rate numeric(5,4) NOT NULL DEFAULT 0.10,
    commission_amount numeric(12,2)
                    GENERATED ALWAYS AS (round(amount_gross * commission_rate, 2)) STORED,

    status          text NOT NULL DEFAULT 'tentative'
                    CHECK (status IN ('tentative', 'confirmed', 'cancelled', 'completed')),
    paid            boolean NOT NULL DEFAULT false,
    paid_at         timestamptz,

    -- Attribution: vilken annons ledde hit (kopieras från leadet vid skapande)
    attribution     jsonb NOT NULL DEFAULT '{}'::jsonb,
    source          text NOT NULL DEFAULT 'manual',
    notes           text,
    created_at      timestamptz NOT NULL DEFAULT now(),
    updated_at      timestamptz NOT NULL DEFAULT now()
);
CREATE INDEX IF NOT EXISTS idx_ce_book_tenant ON ce_bookings(tenant_id, created_at DESC);
CREATE INDEX IF NOT EXISTS idx_ce_book_lead ON ce_bookings(lead_id);
CREATE INDEX IF NOT EXISTS idx_ce_book_paid ON ce_bookings(tenant_id, paid_at) WHERE paid;

-- ----------------------------------------------------------------------------
-- ce_payments — betalningar mot bokning (faktureringsunderlaget)
-- ----------------------------------------------------------------------------
CREATE TABLE IF NOT EXISTS ce_payments (
    id          uuid PRIMARY KEY DEFAULT gen_random_uuid(),
    tenant_id   uuid NOT NULL REFERENCES tenants(id) ON DELETE RESTRICT,
    booking_id  uuid NOT NULL REFERENCES ce_bookings(id) ON DELETE CASCADE,
    amount      numeric(12,2) NOT NULL,
    currency    text NOT NULL DEFAULT 'SEK',
    paid_at     timestamptz NOT NULL DEFAULT now(),
    method      text,
    reference   text,
    is_refund   boolean NOT NULL DEFAULT false,
    notes       text,
    created_at  timestamptz NOT NULL DEFAULT now()
);
CREATE INDEX IF NOT EXISTS idx_ce_pay_booking ON ce_payments(booking_id);
CREATE INDEX IF NOT EXISTS idx_ce_pay_tenant_date ON ce_payments(tenant_id, paid_at DESC);

-- ----------------------------------------------------------------------------
-- updated_at-triggers
-- ----------------------------------------------------------------------------
DROP TRIGGER IF EXISTS trg_ce_leads_updated_at ON ce_leads;
CREATE TRIGGER trg_ce_leads_updated_at BEFORE UPDATE ON ce_leads
    FOR EACH ROW EXECUTE FUNCTION set_updated_at();

DROP TRIGGER IF EXISTS trg_ce_conv_updated_at ON ce_conversations;
CREATE TRIGGER trg_ce_conv_updated_at BEFORE UPDATE ON ce_conversations
    FOR EACH ROW EXECUTE FUNCTION set_updated_at();

DROP TRIGGER IF EXISTS trg_ce_msg_updated_at ON ce_messages;
CREATE TRIGGER trg_ce_msg_updated_at BEFORE UPDATE ON ce_messages
    FOR EACH ROW EXECUTE FUNCTION set_updated_at();

DROP TRIGGER IF EXISTS trg_ce_cust_updated_at ON ce_customers;
CREATE TRIGGER trg_ce_cust_updated_at BEFORE UPDATE ON ce_customers
    FOR EACH ROW EXECUTE FUNCTION set_updated_at();

DROP TRIGGER IF EXISTS trg_ce_book_updated_at ON ce_bookings;
CREATE TRIGGER trg_ce_book_updated_at BEFORE UPDATE ON ce_bookings
    FOR EACH ROW EXECUTE FUNCTION set_updated_at();
"
20260810192856,ce12_status_machine_and_windows,"-- ============================================================================
-- CE-12 — STATUSMASKIN + append-only audit trail
-- Plus fönsterunderhåll (24h service window / 72h free entry point) som drivs
-- av ce_messages, eftersom faktisk leverans är det enda som får styra klockan.
-- Idempotent.
-- ============================================================================

-- ----------------------------------------------------------------------------
-- ce_lead_events — append-only. UPDATE och DELETE är spärrade i trigger.
-- Detta är faktureringsunderlaget (CE-42) och attributionskedjan.
-- ----------------------------------------------------------------------------
CREATE TABLE IF NOT EXISTS ce_lead_events (
    id          bigserial PRIMARY KEY,
    tenant_id   uuid NOT NULL REFERENCES tenants(id) ON DELETE RESTRICT,
    lead_id     uuid NOT NULL REFERENCES ce_leads(id) ON DELETE CASCADE,
    event_type  text NOT NULL,          -- status_changed | human_takeover | opt_out | erase | note
    from_status text,
    to_status   text,
    actor       text NOT NULL DEFAULT 'system',   -- system | agent | joakim | gustav
    payload     jsonb NOT NULL DEFAULT '{}'::jsonb,
    created_at  timestamptz NOT NULL DEFAULT now()
);
CREATE INDEX IF NOT EXISTS idx_ce_events_lead ON ce_lead_events(lead_id, created_at);
CREATE INDEX IF NOT EXISTS idx_ce_events_tenant_type
    ON ce_lead_events(tenant_id, event_type, created_at DESC);

COMMENT ON TABLE ce_lead_events IS
    'Append-only. Statusövergångar, handoff, opt-out. Underlag för provisionsavstämning.';

CREATE OR REPLACE FUNCTION ce_events_append_only()
RETURNS trigger
LANGUAGE plpgsql
AS $$
BEGIN
    RAISE EXCEPTION 'ce_lead_events är append-only (försökte %)', TG_OP;
END;
$$;

DROP TRIGGER IF EXISTS trg_ce_events_no_update ON ce_lead_events;
CREATE TRIGGER trg_ce_events_no_update
    BEFORE UPDATE OR DELETE ON ce_lead_events
    FOR EACH ROW EXECUTE FUNCTION ce_events_append_only();

-- ----------------------------------------------------------------------------
-- Tillåtna statusövergångar.
-- Framåtflödet är strikt; cold/nurture/opted_out nås från vilket läge som helst
-- (verkligheten gör det), och nurture/cold får återupptas till samtal.
-- ----------------------------------------------------------------------------
CREATE OR REPLACE FUNCTION ce_valid_transition(p_from text, p_to text)
RETURNS boolean
LANGUAGE sql IMMUTABLE
AS $$
    SELECT CASE
        WHEN p_from = p_to THEN true
        -- opted_out är slutgiltigt: bara GDPR-radering rör leadet efter det
        WHEN p_from = 'opted_out' THEN false
        -- avfarter tillåtna från alla aktiva lägen
        WHEN p_to IN ('cold', 'nurture', 'opted_out') THEN true
        -- återupptagning
        WHEN p_from IN ('cold', 'nurture') AND p_to IN ('contacted', 'in_conversation', 'qualifying', 'hot') THEN true
        WHEN p_from = 'new'             AND p_to IN ('contacted', 'in_conversation') THEN true
        WHEN p_from = 'contacted'       AND p_to IN ('in_conversation', 'qualifying', 'hot') THEN true
        WHEN p_from = 'in_conversation' AND p_to IN ('qualifying', 'hot', 'handed_off') THEN true
        WHEN p_from = 'qualifying'      AND p_to IN ('in_conversation', 'hot', 'handed_off') THEN true
        WHEN p_from = 'hot'             AND p_to IN ('handed_off', 'booked', 'in_conversation') THEN true
        WHEN p_from = 'handed_off'      AND p_to IN ('booked', 'in_conversation', 'hot') THEN true
        WHEN p_from = 'booked'          AND p_to IN ('paid', 'handed_off') THEN true
        WHEN p_from = 'paid'            AND p_to IN ('booked') THEN true
        ELSE false
    END
$$;

-- ----------------------------------------------------------------------------
-- Statustrigger: validerar övergången, stämplar milstolpar, loggar append-only.
-- ----------------------------------------------------------------------------
CREATE OR REPLACE FUNCTION ce_leads_status_guard()
RETURNS trigger
LANGUAGE plpgsql
AS $$
BEGIN
    IF TG_OP = 'INSERT' THEN
        IF NEW.status NOT IN ('new', 'contacted', 'in_conversation') THEN
            RAISE EXCEPTION 'Nytt lead får inte skapas i status %', NEW.status;
        END IF;
        INSERT INTO ce_lead_events (tenant_id, lead_id, event_type, from_status, to_status, actor, payload)
        VALUES (NEW.tenant_id, NEW.id, 'lead_created', NULL, NEW.status,
                COALESCE(current_setting('app.actor', true), 'system'),
                jsonb_build_object('source', NEW.source, 'channel', NEW.channel,
                                   'ad_id', NEW.ad_id, 'language', NEW.language));
        RETURN NEW;
    END IF;

    IF NEW.status IS DISTINCT FROM OLD.status THEN
        IF NOT ce_valid_transition(OLD.status, NEW.status) THEN
            RAISE EXCEPTION 'Otillåten statusövergång: % -> % (lead %)',
                OLD.status, NEW.status, OLD.id;
        END IF;

        -- Milstolpar stämplas här, aldrig av anroparen
        IF NEW.status IN ('contacted', 'in_conversation') AND NEW.first_contact_at IS NULL THEN
            NEW.first_contact_at := now();
        END IF;
        IF NEW.status = 'hot'        AND NEW.hot_at IS NULL        THEN NEW.hot_at := now();        END IF;
        IF NEW.status = 'handed_off' AND NEW.handed_off_at IS NULL THEN NEW.handed_off_at := now(); END IF;
        IF NEW.status = 'booked'     AND NEW.booked_at IS NULL     THEN NEW.booked_at := now();     END IF;
        IF NEW.status = 'paid'       AND NEW.paid_at IS NULL       THEN NEW.paid_at := now();       END IF;
        IF NEW.status = 'opted_out'  AND NEW.opted_out_at IS NULL  THEN NEW.opted_out_at := now();  END IF;

        INSERT INTO ce_lead_events (tenant_id, lead_id, event_type, from_status, to_status, actor, payload)
        VALUES (NEW.tenant_id, NEW.id, 'status_changed', OLD.status, NEW.status,
                COALESCE(current_setting('app.actor', true), 'system'),
                jsonb_build_object('group_size', NEW.group_size,
                                   'hot_reasons', to_jsonb(NEW.hot_reasons)));
    END IF;

    RETURN NEW;
END;
$$;

DROP TRIGGER IF EXISTS trg_ce_leads_status ON ce_leads;
CREATE TRIGGER trg_ce_leads_status
    BEFORE INSERT OR UPDATE ON ce_leads
    FOR EACH ROW EXECUTE FUNCTION ce_leads_status_guard();

-- ----------------------------------------------------------------------------
-- Human takeover loggas också (CE-41)
-- ----------------------------------------------------------------------------
CREATE OR REPLACE FUNCTION ce_conv_human_guard()
RETURNS trigger
LANGUAGE plpgsql
AS $$
BEGIN
    IF NEW.human_active IS DISTINCT FROM OLD.human_active THEN
        IF NEW.human_active THEN
            NEW.human_active_since := now();
            NEW.next_followup_at := NULL;   -- schemalagda utskick dödas direkt
        ELSE
            NEW.human_active_since := NULL;
        END IF;
        INSERT INTO ce_lead_events (tenant_id, lead_id, event_type, actor, payload)
        VALUES (NEW.tenant_id, NEW.lead_id,
                CASE WHEN NEW.human_active THEN 'human_takeover' ELSE 'human_released' END,
                COALESCE(current_setting('app.actor', true), 'system'),
                jsonb_build_object('conversation_id', NEW.id));
    END IF;
    RETURN NEW;
END;
$$;

DROP TRIGGER IF EXISTS trg_ce_conv_human ON ce_conversations;
CREATE TRIGGER trg_ce_conv_human
    BEFORE UPDATE ON ce_conversations
    FOR EACH ROW EXECUTE FUNCTION ce_conv_human_guard();

-- ----------------------------------------------------------------------------
-- FÖNSTERUNDERHÅLL
-- 24h service window: nollställs av varje INKOMMANDE meddelande.
-- 72h free entry point: startar när VÅRT FÖRSTA svar LEVERERAS på en
-- CTWA-konversation. Nollställs aldrig av kundsvar.
-- ----------------------------------------------------------------------------
CREATE OR REPLACE FUNCTION ce_touch_windows()
RETURNS trigger
LANGUAGE plpgsql
AS $$
DECLARE
    v_entry_point text;
    v_free_open   timestamptz;
BEGIN
    IF NEW.direction = 'inbound' THEN
        UPDATE ce_conversations
           SET last_inbound_at = NEW.created_at,
               service_window_expires_at = NEW.created_at + interval '24 hours'
         WHERE id = NEW.conversation_id;
        RETURN NEW;
    END IF;

    -- outbound: räknas först när det faktiskt gått iväg
    IF NEW.status IN ('sent', 'delivered', 'read') THEN
        SELECT entry_point, free_entry_opened_at
          INTO v_entry_point, v_free_open
          FROM ce_conversations WHERE id = NEW.conversation_id;

        UPDATE ce_conversations
           SET last_outbound_at = COALESCE(NEW.delivered_at, NEW.created_at),
               free_entry_opened_at = CASE
                   WHEN v_entry_point = 'ctwa' AND v_free_open IS NULL
                   THEN COALESCE(NEW.delivered_at, NEW.created_at)
                   ELSE free_entry_opened_at END,
               free_entry_expires_at = CASE
                   WHEN v_entry_point = 'ctwa' AND v_free_open IS NULL
                   THEN COALESCE(NEW.delivered_at, NEW.created_at) + interval '72 hours'
                   ELSE free_entry_expires_at END
         WHERE id = NEW.conversation_id;
    END IF;

    RETURN NEW;
END;
$$;

DROP TRIGGER IF EXISTS trg_ce_msg_windows ON ce_messages;
CREATE TRIGGER trg_ce_msg_windows
    AFTER INSERT OR UPDATE OF status ON ce_messages
    FOR EACH ROW EXECUTE FUNCTION ce_touch_windows();

-- ----------------------------------------------------------------------------
-- Utskicksgrind: vad får skickas just nu, och i vilket format?
-- Uppföljningsmotorn (CE-43) och agenten MÅSTE gå via denna.
-- ----------------------------------------------------------------------------
CREATE OR REPLACE FUNCTION ce_send_policy(p_conversation_id uuid)
RETURNS TABLE (
    can_send        boolean,
    reason          text,
    required_format text,     -- 'free_text' | 'template'
    is_free         boolean
)
LANGUAGE plpgsql STABLE
AS $$
DECLARE c record;
BEGIN
    SELECT cv.*, l.status AS lead_status
      INTO c
      FROM ce_conversations cv
      JOIN ce_leads l ON l.id = cv.lead_id
     WHERE cv.id = p_conversation_id;

    IF NOT FOUND THEN
        RETURN QUERY SELECT false, 'conversation_not_found', NULL::text, false; RETURN;
    END IF;
    IF c.lead_status = 'opted_out' THEN
        RETURN QUERY SELECT false, 'opted_out', NULL::text, false; RETURN;
    END IF;
    IF c.human_active THEN
        RETURN QUERY SELECT false, 'human_active', NULL::text, false; RETURN;
    END IF;
    IF c.status <> 'open' THEN
        RETURN QUERY SELECT false, 'conversation_closed', NULL::text, false; RETURN;
    END IF;

    RETURN QUERY SELECT
        true,
        'ok'::text,
        CASE WHEN c.service_window_expires_at > now() THEN 'free_text' ELSE 'template' END,
        COALESCE(c.free_entry_expires_at > now(), false);
END;
$$;

COMMENT ON FUNCTION ce_send_policy(uuid) IS
    'Enda tillåtna vägen till ett utskick. Kollar opt-out, human_active, 24h-fönstret (format) och 72h free entry (kostnad).';
"
20260810192932,ce13_optout_and_gdpr,"-- ============================================================================
-- CE-13 — OPT-OUT + GDPR-radering
-- Frasdetekteringen på fyra språk ligger här (DB-sanningen); agenten och
-- webhooken anropar ce_is_opt_out_phrase() så samma regel gäller överallt.
-- Idempotent.
-- ============================================================================

-- ----------------------------------------------------------------------------
-- Opt-out-fraser: SV / EN / DE / PL.
-- Matchar hela meddelandet (normaliserat) eller meddelande som ENBART består
-- av frasen + skiljetecken — inte ""stop asking me about the price"" mitt i text.
-- ----------------------------------------------------------------------------
CREATE OR REPLACE FUNCTION ce_is_opt_out_phrase(p_body text)
RETURNS boolean
LANGUAGE sql IMMUTABLE
AS $$
    SELECT CASE
        WHEN p_body IS NULL THEN false
        ELSE trim(both from regexp_replace(lower(p_body), '[^\wåäöüßąćęłńóśźż ]', '', 'g')) = ANY (ARRAY[
            -- SV
            'stopp','sluta','avregistrera','avsluta','ta bort mig','sluta skicka','inte intresserad',
            -- EN
            'stop','unsubscribe','remove me','opt out','optout','cancel','not interested','leave me alone',
            -- DE
            'stopp','abmelden','abbestellen','loschen','nicht interessiert','keine nachrichten',
            -- PL
            'stop','wypisz','wypisz mnie','anuluj','nie zainteresowany','zrezygnuj'
        ])
    END
$$;

-- ----------------------------------------------------------------------------
-- ce_opt_out — dödar all automation maskinellt, inte per konvention
-- ----------------------------------------------------------------------------
CREATE OR REPLACE FUNCTION ce_opt_out(p_lead_id uuid, p_reason text DEFAULT 'user_request')
RETURNS void
LANGUAGE plpgsql
AS $$
DECLARE v_tenant uuid;
BEGIN
    SELECT tenant_id INTO v_tenant FROM ce_leads WHERE id = p_lead_id;
    IF NOT FOUND THEN
        RAISE EXCEPTION 'Okänt lead %', p_lead_id;
    END IF;

    UPDATE ce_leads
       SET status = 'opted_out',
           opted_out_at = COALESCE(opted_out_at, now()),
           opt_out_reason = p_reason
     WHERE id = p_lead_id AND status <> 'opted_out';

    -- Automationen dödas i samma svep: inga schemalagda utskick kan överleva
    UPDATE ce_conversations
       SET status = 'closed',
           next_followup_at = NULL,
           human_active = false
     WHERE lead_id = p_lead_id;

    INSERT INTO ce_lead_events (tenant_id, lead_id, event_type, actor, payload)
    VALUES (v_tenant, p_lead_id, 'opt_out',
            COALESCE(current_setting('app.actor', true), 'system'),
            jsonb_build_object('reason', p_reason));
END;
$$;

-- Automatisk opt-out när kunden skriver frasen — ingen agent behöver tolka rätt
CREATE OR REPLACE FUNCTION ce_detect_opt_out()
RETURNS trigger
LANGUAGE plpgsql
AS $$
BEGIN
    IF NEW.direction = 'inbound' AND ce_is_opt_out_phrase(NEW.body) THEN
        PERFORM ce_opt_out(
            (SELECT lead_id FROM ce_conversations WHERE id = NEW.conversation_id),
            'inbound_phrase'
        );
    END IF;
    RETURN NEW;
END;
$$;

DROP TRIGGER IF EXISTS trg_ce_msg_optout ON ce_messages;
CREATE TRIGGER trg_ce_msg_optout
    AFTER INSERT ON ce_messages
    FOR EACH ROW EXECUTE FUNCTION ce_detect_opt_out();

-- ----------------------------------------------------------------------------
-- GDPR-radering: persondata bort, bokningsstatistik kvar (anonymiserad).
-- Provisionsunderlaget överlever raderingen — beloppen är Skylands fordran,
-- inte den registrerades personuppgifter.
-- ----------------------------------------------------------------------------
CREATE OR REPLACE FUNCTION ce_erase_lead(p_lead_id uuid, p_reason text DEFAULT 'gdpr_request')
RETURNS void
LANGUAGE plpgsql
AS $$
DECLARE v_tenant uuid;
BEGIN
    SELECT tenant_id INTO v_tenant FROM ce_leads WHERE id = p_lead_id;
    IF NOT FOUND THEN
        RAISE EXCEPTION 'Okänt lead %', p_lead_id;
    END IF;

    UPDATE ce_messages
       SET body = NULL,
           raw = '{}'::jsonb,
           error = NULL
     WHERE lead_id = p_lead_id;

    UPDATE ce_customers
       SET name = NULL, email = NULL, phone = NULL, notes = NULL,
           custom = '{}'::jsonb, erased_at = now()
     WHERE lead_id = p_lead_id;

    UPDATE ce_leads
       SET name = NULL, phone = NULL, wa_id = NULL, email = NULL,
           notes = NULL, budget_signal = NULL,
           custom = '{}'::jsonb, dedupe_key = NULL,
           erased_at = now()
     WHERE id = p_lead_id;

    -- Bokningar behålls: belopp, datum, gruppstorlek, attribution. Ingen PII.
    UPDATE ce_bookings
       SET title = NULL, notes = NULL
     WHERE lead_id = p_lead_id;

    INSERT INTO ce_lead_events (tenant_id, lead_id, event_type, actor, payload)
    VALUES (v_tenant, p_lead_id, 'erased',
            COALESCE(current_setting('app.actor', true), 'system'),
            jsonb_build_object('reason', p_reason));
END;
$$;

-- ----------------------------------------------------------------------------
-- Anonymiserad bokningsstatistik — överlever radering
-- ----------------------------------------------------------------------------
CREATE OR REPLACE VIEW ce_booking_stats_anon AS
SELECT
    b.tenant_id,
    date_trunc('month', b.paid_at)          AS month,
    count(*)                                AS bookings,
    sum(b.amount_gross)                     AS gross_incl_vat,
    sum(b.commission_amount)                AS commission,
    avg(b.group_size)::numeric(5,2)         AS avg_group_size,
    b.currency
FROM ce_bookings b
WHERE b.paid
GROUP BY b.tenant_id, date_trunc('month', b.paid_at), b.currency;

COMMENT ON VIEW ce_booking_stats_anon IS
    'Provisionsunderlag utan persondata. Överlever GDPR-radering (CE-13, CE-51).';
"
20260810193005,ce10_rls_tenant_isolation,"-- ============================================================================
-- CE-10 (del 2) — RLS & TENANT-ISOLERING
-- Skarpt läge: från och med nu ligger extern kunddata (PII) i basen.
--   anon           -> total spärr
--   authenticated  -> ser BARA sin egen tenants rader (claim: tenant_id)
--   service_role   -> bypassar RLS (backenden, bakom Bearer-token)
-- Idempotent.
-- ============================================================================

ALTER TABLE tenants          ENABLE ROW LEVEL SECURITY;
ALTER TABLE ce_leads         ENABLE ROW LEVEL SECURITY;
ALTER TABLE ce_conversations ENABLE ROW LEVEL SECURITY;
ALTER TABLE ce_messages      ENABLE ROW LEVEL SECURITY;
ALTER TABLE ce_customers     ENABLE ROW LEVEL SECURITY;
ALTER TABLE ce_bookings      ENABLE ROW LEVEL SECURITY;
ALTER TABLE ce_payments      ENABLE ROW LEVEL SECURITY;
ALTER TABLE ce_lead_events   ENABLE ROW LEVEL SECURITY;

DO $$
DECLARE t text;
BEGIN
    FOREACH t IN ARRAY ARRAY[
        'ce_leads','ce_conversations','ce_messages','ce_customers',
        'ce_bookings','ce_payments','ce_lead_events'
    ] LOOP
        EXECUTE format('DROP POLICY IF EXISTS deny_all_anon_%1$s ON %1$I', t);
        EXECUTE format('DROP POLICY IF EXISTS tenant_isolation_%1$s ON %1$I', t);

        -- anon får aldrig röra kunddata
        EXECUTE format(
            'CREATE POLICY deny_all_anon_%1$s ON %1$I AS RESTRICTIVE TO anon USING (false)', t);

        -- authenticated ser bara sin egen tenant
        EXECUTE format($p$
            CREATE POLICY tenant_isolation_%1$s ON %1$I
                TO authenticated
                USING (tenant_id = current_tenant_id())
                WITH CHECK (tenant_id = current_tenant_id())
        $p$, t);
    END LOOP;
END;
$$;

-- tenants-tabellen: authenticated ser bara sin egen rad, anon inget
DROP POLICY IF EXISTS deny_all_anon_tenants ON tenants;
DROP POLICY IF EXISTS tenant_self_tenants ON tenants;
CREATE POLICY deny_all_anon_tenants ON tenants AS RESTRICTIVE TO anon USING (false);
CREATE POLICY tenant_self_tenants ON tenants
    FOR SELECT TO authenticated
    USING (id = current_tenant_id());

-- Vyn måste köra med anroparens rättigheter, annars läcker den förbi RLS
ALTER VIEW ce_booking_stats_anon SET (security_invoker = on);

-- ----------------------------------------------------------------------------
-- tenant_id på befintliga CRM-tabeller (additivt, backfillas till 'skyland').
-- Ger en väg framåt utan att röra befintligt beteende — kolumnerna är nullbara
-- och ingen kod läser dem än.
-- ----------------------------------------------------------------------------
ALTER TABLE customers     ADD COLUMN IF NOT EXISTS tenant_id uuid REFERENCES tenants(id);
ALTER TABLE contacts      ADD COLUMN IF NOT EXISTS tenant_id uuid REFERENCES tenants(id);
ALTER TABLE opportunities ADD COLUMN IF NOT EXISTS tenant_id uuid REFERENCES tenants(id);
ALTER TABLE pipelines     ADD COLUMN IF NOT EXISTS tenant_id uuid REFERENCES tenants(id);
ALTER TABLE bookings      ADD COLUMN IF NOT EXISTS tenant_id uuid REFERENCES tenants(id);

UPDATE customers     SET tenant_id = tenant_id_by_slug('skyland') WHERE tenant_id IS NULL;
UPDATE contacts      SET tenant_id = tenant_id_by_slug('skyland') WHERE tenant_id IS NULL;
UPDATE opportunities SET tenant_id = tenant_id_by_slug('skyland') WHERE tenant_id IS NULL;
UPDATE pipelines     SET tenant_id = tenant_id_by_slug('skyland') WHERE tenant_id IS NULL;
UPDATE bookings      SET tenant_id = tenant_id_by_slug('skyland') WHERE tenant_id IS NULL;

ALTER TABLE customers     ALTER COLUMN tenant_id SET DEFAULT tenant_id_by_slug('skyland');
ALTER TABLE contacts      ALTER COLUMN tenant_id SET DEFAULT tenant_id_by_slug('skyland');
ALTER TABLE opportunities ALTER COLUMN tenant_id SET DEFAULT tenant_id_by_slug('skyland');
ALTER TABLE pipelines     ALTER COLUMN tenant_id SET DEFAULT tenant_id_by_slug('skyland');
ALTER TABLE bookings      ALTER COLUMN tenant_id SET DEFAULT tenant_id_by_slug('skyland');

CREATE INDEX IF NOT EXISTS idx_contacts_tenant ON contacts(tenant_id);
CREATE INDEX IF NOT EXISTS idx_opportunities_tenant ON opportunities(tenant_id);
"
20260810193059,ce12_fix_split_status_triggers,"-- ============================================================================
-- CE-12 (fix) — dela statustriggern i BEFORE (validera + stämpla) och
-- AFTER (logga). Logging i BEFORE INSERT bröt FK:n mot ce_lead_events eftersom
-- lead-raden inte fanns än.
-- ============================================================================

CREATE OR REPLACE FUNCTION ce_leads_status_guard()
RETURNS trigger
LANGUAGE plpgsql
AS $$
BEGIN
    IF TG_OP = 'INSERT' THEN
        IF NEW.status NOT IN ('new', 'contacted', 'in_conversation') THEN
            RAISE EXCEPTION 'Nytt lead får inte skapas i status %', NEW.status;
        END IF;
        IF NEW.status IN ('contacted', 'in_conversation') AND NEW.first_contact_at IS NULL THEN
            NEW.first_contact_at := now();
        END IF;
        RETURN NEW;
    END IF;

    IF NEW.status IS DISTINCT FROM OLD.status THEN
        IF NOT ce_valid_transition(OLD.status, NEW.status) THEN
            RAISE EXCEPTION 'Otillåten statusövergång: % -> % (lead %)',
                OLD.status, NEW.status, OLD.id;
        END IF;

        -- Milstolpar stämplas här, aldrig av anroparen
        IF NEW.status IN ('contacted', 'in_conversation') AND NEW.first_contact_at IS NULL THEN
            NEW.first_contact_at := now();
        END IF;
        IF NEW.status = 'hot'        AND NEW.hot_at IS NULL        THEN NEW.hot_at := now();        END IF;
        IF NEW.status = 'handed_off' AND NEW.handed_off_at IS NULL THEN NEW.handed_off_at := now(); END IF;
        IF NEW.status = 'booked'     AND NEW.booked_at IS NULL     THEN NEW.booked_at := now();     END IF;
        IF NEW.status = 'paid'       AND NEW.paid_at IS NULL       THEN NEW.paid_at := now();       END IF;
        IF NEW.status = 'opted_out'  AND NEW.opted_out_at IS NULL  THEN NEW.opted_out_at := now();  END IF;
    END IF;

    RETURN NEW;
END;
$$;

CREATE OR REPLACE FUNCTION ce_leads_status_log()
RETURNS trigger
LANGUAGE plpgsql
AS $$
BEGIN
    IF TG_OP = 'INSERT' THEN
        INSERT INTO ce_lead_events (tenant_id, lead_id, event_type, from_status, to_status, actor, payload)
        VALUES (NEW.tenant_id, NEW.id, 'lead_created', NULL, NEW.status,
                COALESCE(current_setting('app.actor', true), 'system'),
                jsonb_build_object('source', NEW.source, 'channel', NEW.channel,
                                   'ad_id', NEW.ad_id, 'language', NEW.language));
        RETURN NEW;
    END IF;

    IF NEW.status IS DISTINCT FROM OLD.status THEN
        INSERT INTO ce_lead_events (tenant_id, lead_id, event_type, from_status, to_status, actor, payload)
        VALUES (NEW.tenant_id, NEW.id, 'status_changed', OLD.status, NEW.status,
                COALESCE(current_setting('app.actor', true), 'system'),
                jsonb_build_object('group_size', NEW.group_size,
                                   'hot_reasons', to_jsonb(NEW.hot_reasons)));
    END IF;
    RETURN NEW;
END;
$$;

DROP TRIGGER IF EXISTS trg_ce_leads_status ON ce_leads;
CREATE TRIGGER trg_ce_leads_status
    BEFORE INSERT OR UPDATE ON ce_leads
    FOR EACH ROW EXECUTE FUNCTION ce_leads_status_guard();

DROP TRIGGER IF EXISTS trg_ce_leads_status_log ON ce_leads;
CREATE TRIGGER trg_ce_leads_status_log
    AFTER INSERT OR UPDATE ON ce_leads
    FOR EACH ROW EXECUTE FUNCTION ce_leads_status_log();

-- Samma fallgrop i human-takeover-triggern: flytta loggningen till AFTER.
CREATE OR REPLACE FUNCTION ce_conv_human_guard()
RETURNS trigger
LANGUAGE plpgsql
AS $$
BEGIN
    IF NEW.human_active IS DISTINCT FROM OLD.human_active THEN
        IF NEW.human_active THEN
            NEW.human_active_since := now();
            NEW.next_followup_at := NULL;   -- schemalagda utskick dödas direkt
        ELSE
            NEW.human_active_since := NULL;
        END IF;
    END IF;
    RETURN NEW;
END;
$$;

CREATE OR REPLACE FUNCTION ce_conv_human_log()
RETURNS trigger
LANGUAGE plpgsql
AS $$
BEGIN
    IF NEW.human_active IS DISTINCT FROM OLD.human_active THEN
        INSERT INTO ce_lead_events (tenant_id, lead_id, event_type, actor, payload)
        VALUES (NEW.tenant_id, NEW.lead_id,
                CASE WHEN NEW.human_active THEN 'human_takeover' ELSE 'human_released' END,
                COALESCE(current_setting('app.actor', true), 'system'),
                jsonb_build_object('conversation_id', NEW.id));
    END IF;
    RETURN NEW;
END;
$$;

DROP TRIGGER IF EXISTS trg_ce_conv_human_log ON ce_conversations;
CREATE TRIGGER trg_ce_conv_human_log
    AFTER UPDATE ON ce_conversations
    FOR EACH ROW EXECUTE FUNCTION ce_conv_human_log();
"
20260810193259,ce12_fix_event_purge_escape_hatch,"-- ============================================================================
-- CE-12 (fix 2) — append-only spärren gjorde ce_leads odeletbar
-- ON DELETE CASCADE från ce_leads triggade DELETE-spärren, vilket i praktiken
-- gjorde hård radering omöjlig. UPDATE förblir alltid förbjudet; DELETE kräver
-- en uttrycklig session-flagga som applikationskoden aldrig sätter.
-- ============================================================================

CREATE OR REPLACE FUNCTION ce_events_append_only()
RETURNS trigger
LANGUAGE plpgsql
AS $$
BEGIN
    IF TG_OP = 'DELETE'
       AND COALESCE(current_setting('app.allow_event_purge', true), 'false') = 'true' THEN
        RETURN OLD;
    END IF;
    RAISE EXCEPTION 'ce_lead_events är append-only (försökte %). Hård radering kräver app.allow_event_purge.', TG_OP;
END;
$$;

COMMENT ON FUNCTION ce_events_append_only() IS
    'UPDATE alltid blockerat. DELETE endast med SET LOCAL app.allow_event_purge = true — avsett för full GDPR-radering och testrensning, aldrig för applikationskod.';
"
20260810193327,ce_harden_function_search_path,"-- ============================================================================
-- Härdning: lås search_path på alla nya funktioner.
-- current_tenant_id() används i RLS-policies — en mutabel search_path där är
-- en reell väg runt tenant-isoleringen.
-- ============================================================================
ALTER FUNCTION current_tenant_id()               SET search_path = public, pg_temp;
ALTER FUNCTION tenant_id_by_slug(text)           SET search_path = public, pg_temp;
ALTER FUNCTION set_updated_at()                  SET search_path = public, pg_temp;
ALTER FUNCTION ce_valid_transition(text, text)   SET search_path = public, pg_temp;
ALTER FUNCTION ce_leads_status_guard()           SET search_path = public, pg_temp;
ALTER FUNCTION ce_leads_status_log()             SET search_path = public, pg_temp;
ALTER FUNCTION ce_conv_human_guard()             SET search_path = public, pg_temp;
ALTER FUNCTION ce_conv_human_log()               SET search_path = public, pg_temp;
ALTER FUNCTION ce_events_append_only()           SET search_path = public, pg_temp;
ALTER FUNCTION ce_touch_windows()                SET search_path = public, pg_temp;
ALTER FUNCTION ce_send_policy(uuid)              SET search_path = public, pg_temp;
ALTER FUNCTION ce_is_opt_out_phrase(text)        SET search_path = public, pg_temp;
ALTER FUNCTION ce_opt_out(uuid, text)            SET search_path = public, pg_temp;
ALTER FUNCTION ce_detect_opt_out()               SET search_path = public, pg_temp;
ALTER FUNCTION ce_erase_lead(uuid, text)         SET search_path = public, pg_temp;
"
20260810194935,sec01_rls_on_legacy_tables,"-- ============================================================================
-- SEC-01 — RLS PÅ DE 19 LEGACY-TABELLERNA
--
-- Bakgrund: RLS har varit avstängt sedan projektstart. Med anon-nyckeln var
-- varje rad läs- och skrivbar. Det var acceptabelt så länge SCC var internt,
-- men Cold Experience-piloten för in extern kunddata (PII) i samma bas.
--
-- Blast radius verifierad före applicering:
--   * backend/src/services/supabase.ts  -> SUPABASE_SERVICE_ROLE_KEY (bypassar RLS)
--   * backend/.env                      -> ingen SUPABASE_ANON_KEY satt
--   * frontend/.env.production          -> ingen VITE_SUPABASE_ANON_KEY (realtime av i prod)
--   * publication supabase_realtime     -> NOLL tabeller (postgres_changes streamar inget)
--   * skills (ad_intel.py m.fl.)        -> SUPABASE_SERVICE_ROLE_KEY
--   * n8n Cloud                         -> annat projekt (cskhydqmazohmrralglh) + backend-intake
--   * edge function migration-import    -> verify_jwt, kör med egen nyckel
--
-- Mönster (samma som sessions/prospects/interactions/voice_calls sedan tidigare):
--   anon          -> total spärr
--   authenticated -> tenant-isolering där tenant_id finns, annars total spärr
--   service_role  -> bypassar RLS (backenden, bakom Bearer-token)
--
-- ROLLBACK: se database/migrations/sec01_rollback.sql
-- ============================================================================

-- ----------------------------------------------------------------------------
-- 1. Tabeller MED tenant_id -> tenant-isolering för authenticated
-- ----------------------------------------------------------------------------
DO $$
DECLARE t text;
BEGIN
    FOREACH t IN ARRAY ARRAY['customers','contacts','opportunities','pipelines','bookings'] LOOP
        EXECUTE format('ALTER TABLE %I ENABLE ROW LEVEL SECURITY', t);
        EXECUTE format('DROP POLICY IF EXISTS deny_all_anon_%1$s ON %1$I', t);
        EXECUTE format('DROP POLICY IF EXISTS tenant_isolation_%1$s ON %1$I', t);
        EXECUTE format(
            'CREATE POLICY deny_all_anon_%1$s ON %1$I AS RESTRICTIVE TO anon USING (false)', t);
        EXECUTE format($p$
            CREATE POLICY tenant_isolation_%1$s ON %1$I
                TO authenticated
                USING (tenant_id = current_tenant_id())
                WITH CHECK (tenant_id = current_tenant_id())
        $p$, t);
    END LOOP;
END;
$$;

-- ----------------------------------------------------------------------------
-- 2. Tabeller UTAN tenant_id -> total spärr för både anon och authenticated.
--    Endast service_role (backenden) kommer åt dem. Tenant-lager läggs på när
--    respektive tabell fått tenant_id.
-- ----------------------------------------------------------------------------
DO $$
DECLARE t text;
BEGIN
    FOREACH t IN ARRAY ARRAY[
        'activities','tasks','messages','agent_configs','task_runs','costs',
        'stages','deliverables','sequences','sequence_steps',
        'sequence_enrollments','sequence_step_runs','todos','studio_assets',
        -- redan RLS-aktiverade men helt utan policies: gör spärren uttrycklig
        'ad_library','events'
    ] LOOP
        EXECUTE format('ALTER TABLE %I ENABLE ROW LEVEL SECURITY', t);
        EXECUTE format('DROP POLICY IF EXISTS deny_all_anon_%1$s ON %1$I', t);
        EXECUTE format('DROP POLICY IF EXISTS deny_all_authenticated_%1$s ON %1$I', t);
        EXECUTE format(
            'CREATE POLICY deny_all_anon_%1$s ON %1$I AS RESTRICTIVE TO anon USING (false)', t);
        EXECUTE format(
            'CREATE POLICY deny_all_authenticated_%1$s ON %1$I AS RESTRICTIVE TO authenticated USING (false)', t);
    END LOOP;
END;
$$;

-- ----------------------------------------------------------------------------
-- 3. customer_status var SECURITY DEFINER -> körde med skaparens rättigheter
--    och gick därmed förbi RLS på customers/activities/tasks/contacts.
--    Backenden kör som service_role och påverkas inte.
-- ----------------------------------------------------------------------------
ALTER VIEW customer_status SET (security_invoker = on);

-- ----------------------------------------------------------------------------
-- 4. Mutabel search_path på kvarvarande funktion
-- ----------------------------------------------------------------------------
DO $$
DECLARE f record;
BEGIN
    FOR f IN
        SELECT p.oid::regprocedure AS sig
          FROM pg_proc p JOIN pg_namespace n ON n.oid = p.pronamespace
         WHERE n.nspname = 'public' AND p.proname = 'match_knowledge_base'
    LOOP
        EXECUTE format('ALTER FUNCTION %s SET search_path = public, pg_temp', f.sig);
    END LOOP;
END;
$$;
"
20260826061708,mk_vertical_core_tables,"-- Mäklarvertikalen (mk_*) — struktur per tenant, samma mönster som ce_*.

create table if not exists public.mk_brokers (
    id           uuid primary key default gen_random_uuid(),
    tenant_id    uuid not null references public.tenants(id) on delete cascade,
    external_id  text,
    name         text not null,
    title        text,
    phone        text,
    email        text,
    photo_url    text,
    source_url   text,
    active       boolean not null default true,
    created_at   timestamptz not null default now(),
    updated_at   timestamptz not null default now(),
    unique (tenant_id, external_id)
);
comment on table public.mk_brokers is 'Mäklare per byrå (tenant). Kontaktväg för handoff från röstagenten.';

create table if not exists public.mk_listings (
    id                 uuid primary key default gen_random_uuid(),
    tenant_id          uuid not null references public.tenants(id) on delete cascade,
    external_id        text not null,
    source             text not null default 'scrape',
    source_url         text,
    status             text not null default 'till_salu',
    object_type        text,
    tenure             text,
    headline           text,
    street_address     text,
    area               text,
    municipality       text,
    postal_code        text,
    county             text,
    price              numeric,
    price_currency     text not null default 'SEK',
    final_price        numeric,
    monthly_fee        numeric,
    operating_cost     numeric,
    rooms              numeric,
    living_area        numeric,
    supplementary_area numeric,
    plot_area          numeric,
    floor              text,
    elevator           boolean,
    balcony            boolean,
    build_year         integer,
    energy_class       text,
    association        text,
    description        text,
    broker_id          uuid references public.mk_brokers(id) on delete set null,
    images             jsonb not null default '[]'::jsonb,
    raw                jsonb not null default '{}'::jsonb,
    published_at       timestamptz,
    last_seen_at       timestamptz not null default now(),
    created_at         timestamptz not null default now(),
    updated_at         timestamptz not null default now(),
    unique (tenant_id, external_id),
    constraint mk_listings_status_chk check (status in ('kommande','till_salu','budgivning','såld','avtal','tillbakadragen'))
);
comment on table public.mk_listings is 'Strukturerad objektdata. Röstagenten frågar denna via verktygsanrop — inte vektorsök.';
comment on column public.mk_listings.last_seen_at is 'Sätts vid varje scrape/feed. Objekt som inte setts på länge kan markeras tillbakadragen.';

create index if not exists mk_listings_tenant_status_idx on public.mk_listings (tenant_id, status);
create index if not exists mk_listings_tenant_area_idx   on public.mk_listings (tenant_id, area);
create index if not exists mk_listings_tenant_price_idx  on public.mk_listings (tenant_id, price);
create index if not exists mk_listings_search_idx        on public.mk_listings
    using gin (to_tsvector('swedish', coalesce(headline,'') || ' ' || coalesce(street_address,'') || ' ' || coalesce(area,'') || ' ' || coalesce(municipality,'')));

create table if not exists public.mk_viewings (
    id           uuid primary key default gen_random_uuid(),
    tenant_id    uuid not null references public.tenants(id) on delete cascade,
    listing_id   uuid not null references public.mk_listings(id) on delete cascade,
    external_id  text,
    starts_at    timestamptz not null,
    ends_at      timestamptz,
    viewing_type text not null default 'öppen',
    booking_url  text,
    capacity     integer,
    notes        text,
    created_at   timestamptz not null default now(),
    updated_at   timestamptz not null default now(),
    unique (tenant_id, listing_id, starts_at)
);
comment on table public.mk_viewings is 'Visningstider per objekt. Röstagenten läser kommande, bokar via mk_leads.';
create index if not exists mk_viewings_tenant_time_idx on public.mk_viewings (tenant_id, starts_at);"
20260826061728,mk_vertical_rag_and_leads,"-- RAG-lagret (statiskt innehåll) och leads.

create table if not exists public.mk_documents (
    id           uuid primary key default gen_random_uuid(),
    tenant_id    uuid not null references public.tenants(id) on delete cascade,
    source_url   text not null,
    title        text,
    category     text,
    chunk_index  integer not null default 0,
    content      text not null,
    token_count  integer,
    embedding    vector(1536),
    metadata     jsonb not null default '{}'::jsonb,
    created_at   timestamptz not null default now(),
    unique (tenant_id, source_url, chunk_index)
);
comment on table public.mk_documents is 'Vektorlager för statiskt innehåll (om byrån, process, arvoden, områdesbeskrivningar). Objektdata hör inte hemma här.';
create index if not exists mk_documents_tenant_url_idx on public.mk_documents (tenant_id, source_url);
create index if not exists mk_documents_embedding_idx on public.mk_documents
    using hnsw (embedding vector_cosine_ops);

create table if not exists public.mk_crawl_pages (
    id              uuid primary key default gen_random_uuid(),
    tenant_id       uuid not null references public.tenants(id) on delete cascade,
    url             text not null,
    content_hash    text,
    status          text not null default 'pending',
    error           text,
    chunk_count     integer not null default 0,
    last_crawled_at timestamptz,
    last_indexed_at timestamptz,
    created_at      timestamptz not null default now(),
    updated_at      timestamptz not null default now(),
    unique (tenant_id, url),
    constraint mk_crawl_pages_status_chk check (status in ('pending','ok','unchanged','failed','skipped'))
);
comment on table public.mk_crawl_pages is 'Crawl-register. content_hash gör veckorefreshen billig — bara ändrade sidor embeddas om.';

create table if not exists public.mk_leads (
    id                  uuid primary key default gen_random_uuid(),
    tenant_id           uuid not null references public.tenants(id) on delete cascade,
    name                text,
    phone               text,
    email               text,
    intent              text not null default 'ovrigt',
    listing_id          uuid references public.mk_listings(id) on delete set null,
    viewing_id          uuid references public.mk_viewings(id) on delete set null,
    callback_requested  boolean not null default false,
    preferred_time      text,
    message             text,
    source              text not null default 'voice',
    channel             text,
    external_call_id    text,
    status              text not null default 'ny',
    consent_contact     boolean not null default false,
    qualification       jsonb not null default '{}'::jsonb,
    dedupe_key          text,
    handed_off_at       timestamptz,
    opted_out_at        timestamptz,
    erased_at           timestamptz,
    created_at          timestamptz not null default now(),
    updated_at          timestamptz not null default now(),
    constraint mk_leads_intent_chk check (intent in ('kopa','salja','vardering','visning','ovrigt')),
    constraint mk_leads_status_chk check (status in ('ny','kontaktad','bokad','kvalificerad','forlorad'))
);
comment on table public.mk_leads is 'Leads från röstagenten. Datan tillhör tenanten och ska vara exporterbar när som helst.';
create unique index if not exists mk_leads_dedupe_idx on public.mk_leads (tenant_id, dedupe_key) where dedupe_key is not null;
create index if not exists mk_leads_tenant_status_idx on public.mk_leads (tenant_id, status, created_at desc);

create table if not exists public.mk_lead_events (
    id          uuid primary key default gen_random_uuid(),
    tenant_id   uuid not null references public.tenants(id) on delete cascade,
    lead_id     uuid not null references public.mk_leads(id) on delete cascade,
    event_type  text not null,
    from_status text,
    to_status   text,
    payload     jsonb not null default '{}'::jsonb,
    created_at  timestamptz not null default now()
);
comment on table public.mk_lead_events is 'Append-only. Statusövergångar, handoff, opt-out. Underlag för provisionsavstämning.';
create index if not exists mk_lead_events_lead_idx on public.mk_lead_events (lead_id, created_at);"
20260826061743,mk_vertical_rls_and_triggers,"-- RLS: anon nekas helt, authenticated ser bara sin tenant. Service role (n8n/edge) går förbi RLS.
do $$
declare t text;
begin
  foreach t in array array['mk_brokers','mk_listings','mk_viewings','mk_documents','mk_crawl_pages','mk_leads','mk_lead_events']
  loop
    execute format('alter table public.%I enable row level security', t);
    execute format('drop policy if exists deny_all_anon_%1$s on public.%1$I', t);
    execute format('create policy deny_all_anon_%1$s on public.%1$I as permissive for all to anon using (false)', t);
    execute format('drop policy if exists tenant_isolation_%1$s on public.%1$I', t);
    execute format('create policy tenant_isolation_%1$s on public.%1$I as permissive for all to authenticated using (tenant_id = current_tenant_id()) with check (tenant_id = current_tenant_id())', t);
  end loop;
end $$;

-- updated_at
do $$
declare t text;
begin
  foreach t in array array['mk_brokers','mk_listings','mk_viewings','mk_crawl_pages','mk_leads']
  loop
    execute format('drop trigger if exists set_updated_at_%1$s on public.%1$I', t);
    execute format('create trigger set_updated_at_%1$s before update on public.%1$I for each row execute function public.set_updated_at()', t);
  end loop;
end $$;

-- mk_lead_events är append-only
create or replace function public.mk_events_append_only()
returns trigger language plpgsql set search_path to 'public','pg_temp' as $$
begin
    raise exception 'mk_lead_events är append-only';
end $$;

drop trigger if exists mk_lead_events_append_only on public.mk_lead_events;
create trigger mk_lead_events_append_only
    before update or delete on public.mk_lead_events
    for each row execute function public.mk_events_append_only();

-- statuslogg för leads
create or replace function public.mk_leads_status_log()
returns trigger language plpgsql set search_path to 'public','pg_temp' as $$
begin
    if tg_op = 'INSERT' then
        insert into public.mk_lead_events (tenant_id, lead_id, event_type, to_status, payload)
        values (new.tenant_id, new.id, 'created', new.status,
                jsonb_build_object('source', new.source, 'intent', new.intent, 'listing_id', new.listing_id));
    elsif new.status is distinct from old.status then
        insert into public.mk_lead_events (tenant_id, lead_id, event_type, from_status, to_status)
        values (new.tenant_id, new.id, 'status_change', old.status, new.status);
    end if;
    return new;
end $$;

drop trigger if exists mk_leads_status_log on public.mk_leads;
create trigger mk_leads_status_log
    after insert or update on public.mk_leads
    for each row execute function public.mk_leads_status_log();"
20260826061820,mk_vertical_agent_functions,"-- Verktygsfunktioner för röstagenten. Anropas med service role från edge function,
-- eller med tenant-JWT via PostgREST (då gäller RLS och p_tenant defaultar till current_tenant_id()).

create or replace function public.mk_listing_summary(l public.mk_listings)
returns text language sql immutable set search_path to 'public','pg_temp' as $$
    select concat_ws(', ',
        nullif(concat_ws(' ', l.object_type, 'på', l.street_address), ''),
        nullif(l.area, ''),
        case when l.rooms is not null then l.rooms::text || ' rum' end,
        case when l.living_area is not null then l.living_area::text || ' kvm' end,
        case when l.price is not null then to_char(l.price, 'FM999G999G999') || ' kr' end,
        case when l.monthly_fee is not null then 'avgift ' || to_char(l.monthly_fee, 'FM999G999') || ' kr/mån' end,
        nullif(l.status, '')
    );
$$;

create or replace function public.mk_search_listings(
    p_tenant           uuid    default null,
    p_query            text    default null,
    p_area             text    default null,
    p_object_type      text    default null,
    p_min_rooms        numeric default null,
    p_max_price        numeric default null,
    p_min_living_area  numeric default null,
    p_status           text    default 'till_salu',
    p_limit            integer default 5
)
returns table (
    id uuid, headline text, street_address text, area text, municipality text,
    object_type text, status text, price numeric, monthly_fee numeric,
    rooms numeric, living_area numeric, build_year integer,
    source_url text, broker_name text, next_viewing timestamptz, summary text
)
language sql stable set search_path to 'public','pg_temp' as $$
    select l.id, l.headline, l.street_address, l.area, l.municipality,
           l.object_type, l.status, l.price, l.monthly_fee,
           l.rooms, l.living_area, l.build_year,
           l.source_url, b.name,
           (select min(v.starts_at) from mk_viewings v
             where v.listing_id = l.id and v.starts_at > now()),
           mk_listing_summary(l)
    from mk_listings l
    left join mk_brokers b on b.id = l.broker_id
    where l.tenant_id = coalesce(p_tenant, current_tenant_id())
      and (p_status is null or l.status = p_status)
      and (p_area is null or l.area ilike '%' || p_area || '%' or l.municipality ilike '%' || p_area || '%')
      and (p_object_type is null or l.object_type ilike p_object_type)
      and (p_min_rooms is null or l.rooms >= p_min_rooms)
      and (p_max_price is null or l.price <= p_max_price)
      and (p_min_living_area is null or l.living_area >= p_min_living_area)
      and (p_query is null or to_tsvector('swedish',
             coalesce(l.headline,'') || ' ' || coalesce(l.street_address,'') || ' ' ||
             coalesce(l.area,'') || ' ' || coalesce(l.municipality,'') || ' ' || coalesce(l.description,''))
           @@ plainto_tsquery('swedish', p_query))
    order by l.price nulls last
    limit least(coalesce(p_limit, 5), 25);
$$;

create or replace function public.mk_get_listing(p_listing_id uuid, p_tenant uuid default null)
returns table (
    id uuid, headline text, street_address text, area text, municipality text, postal_code text,
    object_type text, tenure text, status text, price numeric, monthly_fee numeric, operating_cost numeric,
    rooms numeric, living_area numeric, supplementary_area numeric, plot_area numeric,
    floor text, elevator boolean, balcony boolean, build_year integer, energy_class text,
    association text, description text, source_url text,
    broker_name text, broker_phone text, broker_email text,
    viewings jsonb, summary text
)
language sql stable set search_path to 'public','pg_temp' as $$
    select l.id, l.headline, l.street_address, l.area, l.municipality, l.postal_code,
           l.object_type, l.tenure, l.status, l.price, l.monthly_fee, l.operating_cost,
           l.rooms, l.living_area, l.supplementary_area, l.plot_area,
           l.floor, l.elevator, l.balcony, l.build_year, l.energy_class,
           l.association, l.description, l.source_url,
           b.name, b.phone, b.email,
           coalesce((select jsonb_agg(jsonb_build_object('id', v.id, 'starts_at', v.starts_at,
                                                         'ends_at', v.ends_at, 'type', v.viewing_type)
                                      order by v.starts_at)
                     from mk_viewings v where v.listing_id = l.id and v.starts_at > now()), '[]'::jsonb),
           mk_listing_summary(l)
    from mk_listings l
    left join mk_brokers b on b.id = l.broker_id
    where l.id = p_listing_id
      and l.tenant_id = coalesce(p_tenant, current_tenant_id());
$$;

create or replace function public.mk_upcoming_viewings(
    p_tenant uuid default null, p_listing_id uuid default null, p_limit integer default 10
)
returns table (id uuid, listing_id uuid, street_address text, area text,
               starts_at timestamptz, ends_at timestamptz, viewing_type text)
language sql stable set search_path to 'public','pg_temp' as $$
    select v.id, v.listing_id, l.street_address, l.area, v.starts_at, v.ends_at, v.viewing_type
    from mk_viewings v join mk_listings l on l.id = v.listing_id
    where v.tenant_id = coalesce(p_tenant, current_tenant_id())
      and (p_listing_id is null or v.listing_id = p_listing_id)
      and v.starts_at > now()
    order by v.starts_at
    limit least(coalesce(p_limit, 10), 50);
$$;

create or replace function public.match_mk_documents(
    query_embedding vector(1536),
    p_tenant uuid default null,
    match_threshold double precision default 0.5,
    match_count integer default 5
)
returns table (id uuid, title text, content text, category text,
               source_url text, metadata jsonb, similarity double precision)
language sql stable set search_path to 'public','pg_temp' as $$
    select d.id, d.title, d.content, d.category, d.source_url, d.metadata,
           1 - (d.embedding <=> query_embedding)
    from mk_documents d
    where d.tenant_id = coalesce(p_tenant, current_tenant_id())
      and d.embedding is not null
      and 1 - (d.embedding <=> query_embedding) > match_threshold
    order by d.embedding <=> query_embedding
    limit least(coalesce(match_count, 5), 20);
$$;

create or replace function public.mk_capture_lead(
    p_tenant uuid,
    p_name text default null,
    p_phone text default null,
    p_email text default null,
    p_intent text default 'ovrigt',
    p_listing_id uuid default null,
    p_viewing_id uuid default null,
    p_callback boolean default false,
    p_preferred_time text default null,
    p_message text default null,
    p_source text default 'voice',
    p_external_call_id text default null,
    p_consent boolean default false
)
returns uuid language plpgsql set search_path to 'public','pg_temp' as $$
declare
    v_key text;
    v_id  uuid;
begin
    v_key := nullif(lower(coalesce(regexp_replace(coalesce(p_phone,''), '[^0-9+]', '', 'g'), '') ||
                          coalesce(p_email,'')), '');

    insert into mk_leads (tenant_id, name, phone, email, intent, listing_id, viewing_id,
                          callback_requested, preferred_time, message, source,
                          external_call_id, consent_contact, dedupe_key)
    values (p_tenant, p_name, p_phone, p_email, p_intent, p_listing_id, p_viewing_id,
            p_callback, p_preferred_time, p_message, p_source,
            p_external_call_id, p_consent, v_key)
    on conflict (tenant_id, dedupe_key) where dedupe_key is not null
    do update set
        name           = coalesce(excluded.name, mk_leads.name),
        email          = coalesce(excluded.email, mk_leads.email),
        phone          = coalesce(excluded.phone, mk_leads.phone),
        intent         = excluded.intent,
        listing_id     = coalesce(excluded.listing_id, mk_leads.listing_id),
        viewing_id     = coalesce(excluded.viewing_id, mk_leads.viewing_id),
        callback_requested = mk_leads.callback_requested or excluded.callback_requested,
        preferred_time = coalesce(excluded.preferred_time, mk_leads.preferred_time),
        message        = concat_ws(E'\n---\n', mk_leads.message, excluded.message),
        consent_contact = mk_leads.consent_contact or excluded.consent_contact,
        updated_at     = now()
    returning id into v_id;

    return v_id;
end $$;"
20260826063447,mk_listing_summary_voice_polish,"-- Röstvänlig sammanfattning: svenskt tusentalsmellanrum, och status sägs bara när den avviker.
create or replace function public.mk_kr(n numeric)
returns text language sql immutable set search_path to 'public','pg_temp' as $$
    select case when n is null then null
                else replace(to_char(round(n), 'FM999G999G999'), ',', ' ') end;
$$;

create or replace function public.mk_listing_summary(l public.mk_listings)
returns text language sql immutable set search_path to 'public','pg_temp' as $$
    select concat_ws(', ',
        nullif(trim(concat_ws(' ',
            coalesce(l.object_type, 'bostad'),
            case when l.street_address is not null then 'på ' || l.street_address end)), ''),
        nullif(l.area, ''),
        case when l.rooms is not null then trim(to_char(l.rooms, 'FM999D9')) || ' rum' end,
        case when l.living_area is not null then trim(to_char(l.living_area, 'FM999D9')) || ' kvadratmeter' end,
        case when l.price is not null then mk_kr(l.price) || ' kronor' end,
        case when l.monthly_fee is not null then 'avgift ' || mk_kr(l.monthly_fee) || ' kronor i månaden' end,
        case l.status
            when 'budgivning' then 'budgivning pågår'
            when 'kommande'   then 'kommande objekt'
            when 'såld'       then 'såld'
            when 'avtal'      then 'under avtal'
            else null
        end
    );
$$;"
20260826063504,mk_num_helper_fix,"-- ""1. rum"" → ""1 rum"", ""39.5"" → ""39,5"". Heltal skrivs utan decimaltecken.
create or replace function public.mk_num(n numeric)
returns text language sql immutable set search_path to 'public','pg_temp' as $$
    select case
        when n is null then null
        when n = round(n) then round(n)::bigint::text
        else replace(rtrim(to_char(n, 'FM999999999D99'), '.,'), '.', ',')
    end;
$$;

create or replace function public.mk_listing_summary(l public.mk_listings)
returns text language sql immutable set search_path to 'public','pg_temp' as $$
    select concat_ws(', ',
        nullif(trim(concat_ws(' ',
            coalesce(l.object_type, 'bostad'),
            case when l.street_address is not null then 'på ' || l.street_address end)), ''),
        nullif(l.area, ''),
        case when l.rooms is not null then mk_num(l.rooms) || ' rum' end,
        case when l.living_area is not null then mk_num(l.living_area) || ' kvadratmeter' end,
        case when l.price is not null then mk_kr(l.price) || ' kronor' end,
        case when l.monthly_fee is not null then 'avgift ' || mk_kr(l.monthly_fee) || ' kronor i månaden' end,
        case l.status
            when 'budgivning' then 'budgivning pågår'
            when 'kommande'   then 'kommande objekt'
            when 'såld'       then 'såld'
            when 'avtal'      then 'under avtal'
            else null
        end
    );
$$;"
20260826063554,mk_erase_lead_and_optout,"-- GDPR: leads raderas aldrig (händelseloggen är append-only) — de anonymiseras.
-- Samma mönster som ce_erase_lead.
create or replace function public.mk_erase_lead(p_lead_id uuid, p_reason text default 'gdpr_request')
returns void language plpgsql set search_path to 'public','pg_temp' as $$
declare v_tenant uuid;
begin
    select tenant_id into v_tenant from mk_leads where id = p_lead_id;
    if not found then
        raise exception 'Okänt lead %', p_lead_id;
    end if;

    update mk_leads
       set name = null, phone = null, email = null, message = null,
           preferred_time = null, external_call_id = null,
           qualification = '{}'::jsonb, dedupe_key = null,
           erased_at = now()
     where id = p_lead_id;

    insert into mk_lead_events (tenant_id, lead_id, event_type, payload)
    values (v_tenant, p_lead_id, 'erased',
            jsonb_build_object('reason', p_reason,
                               'actor', coalesce(current_setting('app.actor', true), 'system')));
end $$;

create or replace function public.mk_opt_out(p_lead_id uuid, p_reason text default 'user_request')
returns void language plpgsql set search_path to 'public','pg_temp' as $$
declare v_tenant uuid;
begin
    select tenant_id into v_tenant from mk_leads where id = p_lead_id;
    if not found then
        raise exception 'Okänt lead %', p_lead_id;
    end if;

    update mk_leads
       set opted_out_at = now(), consent_contact = false, callback_requested = false,
           status = 'forlorad'
     where id = p_lead_id;

    insert into mk_lead_events (tenant_id, lead_id, event_type, payload)
    values (v_tenant, p_lead_id, 'opt_out', jsonb_build_object('reason', p_reason));
end $$;

-- Testrader från utvecklingen städas bort en gång; guarden sätts tillbaka direkt efteråt.
alter table public.mk_lead_events disable trigger mk_lead_events_append_only;
delete from public.mk_lead_events where lead_id in (select id from public.mk_leads where external_call_id like 'conv\_test\_%' or name = 'Test Testsson');
delete from public.mk_leads where external_call_id like 'conv\_test\_%' or name = 'Test Testsson';
alter table public.mk_lead_events enable trigger mk_lead_events_append_only;"
20260826070852,mk_source_office_column,"-- Vilket kontor objektet kommer från. Gör det möjligt att köra flera kontor i samma
-- tenant nu och dela upp dem i egna tenants senare med en UPDATE i stället för en ny scrape.
alter table public.mk_listings add column if not exists source_office text;
alter table public.mk_brokers  add column if not exists source_office text;

create index if not exists mk_listings_tenant_office_idx on public.mk_listings (tenant_id, source_office);

comment on column public.mk_listings.source_office is 'Vitec customerId för kontoret, t.ex. M16501. Sätts av mk-ingest.';

update public.mk_listings
   set source_office = 'M16501'
 where tenant_id = tenant_id_by_slug('husman-hagberg-molndal')
   and source_office is null;"
20260826072652,mk_search_include_bidding,"-- Ett objekt i budgivning är fortfarande till salu. Default ska därför träffa både
-- till_salu och budgivning — annars försvinner de hetaste objekten ur agentens svar.
-- p_status = null  → säljbara (till_salu + budgivning)
-- p_status = 'alla' → allt, inklusive kommande och sålda
-- p_status = <värde> → exakt den statusen
create or replace function public.mk_search_listings(
    p_tenant           uuid    default null,
    p_query            text    default null,
    p_area             text    default null,
    p_object_type      text    default null,
    p_min_rooms        numeric default null,
    p_max_price        numeric default null,
    p_min_living_area  numeric default null,
    p_status           text    default null,
    p_limit            integer default 5
)
returns table (
    id uuid, headline text, street_address text, area text, municipality text,
    object_type text, status text, price numeric, monthly_fee numeric,
    rooms numeric, living_area numeric, build_year integer,
    source_url text, broker_name text, next_viewing timestamptz, summary text
)
language sql stable set search_path to 'public','pg_temp' as $$
    select l.id, l.headline, l.street_address, l.area, l.municipality,
           l.object_type, l.status, l.price, l.monthly_fee,
           l.rooms, l.living_area, l.build_year,
           l.source_url, b.name,
           (select min(v.starts_at) from mk_viewings v
             where v.listing_id = l.id and v.starts_at > now()),
           mk_listing_summary(l)
    from mk_listings l
    left join mk_brokers b on b.id = l.broker_id
    where l.tenant_id = coalesce(p_tenant, current_tenant_id())
      and (
            p_status is null      and l.status in ('till_salu','budgivning')
         or p_status = 'alla'
         or p_status is not null and p_status <> 'alla' and l.status = p_status
          )
      and (p_area is null or l.area ilike '%' || p_area || '%' or l.municipality ilike '%' || p_area || '%')
      and (p_object_type is null or l.object_type ilike p_object_type)
      and (p_min_rooms is null or l.rooms >= p_min_rooms)
      and (p_max_price is null or l.price <= p_max_price)
      and (p_min_living_area is null or l.living_area >= p_min_living_area)
      and (p_query is null or to_tsvector('swedish',
             coalesce(l.headline,'') || ' ' || coalesce(l.street_address,'') || ' ' ||
             coalesce(l.area,'') || ' ' || coalesce(l.municipality,'') || ' ' || coalesce(l.description,''))
           @@ plainto_tsquery('swedish', p_query))
    order by l.price nulls last
    limit least(coalesce(p_limit, 5), 25);
$$;"
20260826073127,mk_search_total_matches_v3,"drop function if exists public.mk_search_listings(uuid,text,text,text,numeric,numeric,numeric,text,integer);

create function public.mk_search_listings(
    p_tenant           uuid    default null,
    p_query            text    default null,
    p_area             text    default null,
    p_object_type      text    default null,
    p_min_rooms        numeric default null,
    p_max_price        numeric default null,
    p_min_living_area  numeric default null,
    p_status           text    default null,
    p_limit            integer default 5
)
returns table (
    id uuid, headline text, street_address text, area text, municipality text,
    object_type text, status text, price numeric, monthly_fee numeric,
    rooms numeric, living_area numeric, build_year integer,
    source_url text, broker_name text, next_viewing timestamptz, summary text,
    total_matches bigint
)
language sql stable set search_path to 'public','pg_temp' as $$
    with matchande as (
        select l.id, l.headline, l.street_address, l.area, l.municipality,
               l.object_type, l.status, l.price, l.monthly_fee,
               l.rooms, l.living_area, l.build_year, l.source_url,
               b.name as broker_name,
               (select min(v.starts_at) from mk_viewings v
                 where v.listing_id = l.id and v.starts_at > now()) as next_viewing,
               mk_listing_summary(l) as summary,
               count(*) over () as total_matches
        from mk_listings l
        left join mk_brokers b on b.id = l.broker_id
        where l.tenant_id = coalesce(p_tenant, current_tenant_id())
          and (
                p_status is null      and l.status in ('till_salu','budgivning')
             or p_status = 'alla'
             or p_status is not null and p_status <> 'alla' and l.status = p_status
              )
          and (p_area is null or l.area ilike '%' || p_area || '%' or l.municipality ilike '%' || p_area || '%')
          and (p_object_type is null or l.object_type ilike p_object_type)
          and (p_min_rooms is null or l.rooms >= p_min_rooms)
          and (p_max_price is null or l.price <= p_max_price)
          and (p_min_living_area is null or l.living_area >= p_min_living_area)
          and (p_query is null or to_tsvector('swedish',
                 coalesce(l.headline,'') || ' ' || coalesce(l.street_address,'') || ' ' ||
                 coalesce(l.area,'') || ' ' || coalesce(l.municipality,'') || ' ' || coalesce(l.description,''))
               @@ plainto_tsquery('swedish', p_query))
    )
    select id, headline, street_address, area, municipality,
           object_type, status, price, monthly_fee,
           rooms, living_area, build_year,
           source_url, broker_name, next_viewing, summary, total_matches
    from matchande
    -- budgivning först: mest akut för en spekulant. Sen billigast först.
    order by (status = 'budgivning') desc, price nulls last
    limit least(coalesce(p_limit, 5), 25);
$$;"
20260826073543,mk_clean_spoken_address,"-- Mäklare stoppar in säljtext i adressfältet: ""Virvelvindsgatan 30, Vån 11/11!"".
-- En röstagent läser upp det bokstavligt — ""vån elva snedstreck elva utropstecken"".
-- Adressen i databasen lämnas orörd (den behövs för matchning mot Vitec); det är bara
-- den uppläsbara sammanfattningen som städas.
create or replace function public.mk_spoken_address(a text)
returns text language sql immutable set search_path to 'public','pg_temp' as $$
    select nullif(trim(regexp_replace(
        -- allt efter första kommat är tillägg, inte adress
        split_part(a, ',', 1),
        '\s*[!?]+\s*$', ''            -- utropstecken på slutet
    )), '');
$$;

create or replace function public.mk_listing_summary(l public.mk_listings)
returns text language sql immutable set search_path to 'public','pg_temp' as $$
    select concat_ws(', ',
        nullif(trim(concat_ws(' ',
            coalesce(l.object_type, 'bostad'),
            case when l.street_address is not null
                 then 'på ' || coalesce(mk_spoken_address(l.street_address), l.street_address) end)), ''),
        nullif(l.area, ''),
        case when l.rooms is not null then mk_num(l.rooms) || ' rum' end,
        case when l.living_area is not null then mk_num(l.living_area) || ' kvadratmeter' end,
        case when l.price is not null then mk_kr(l.price) || ' kronor' end,
        case when l.monthly_fee is not null then 'avgift ' || mk_kr(l.monthly_fee) || ' kronor i månaden' end,
        case l.status
            when 'budgivning' then 'budgivning pågår'
            when 'kommande'   then 'kommande objekt'
            when 'såld'       then 'såld'
            when 'avtal'      then 'under avtal'
            else null
        end
    );
$$;"
20260826073614,mk_spoken_address_v2,"-- Första försöket tog allt efter kommat och förstörde ""Snipen, Gamla Särövägen 491"",
-- där gårdsnamnet står först och gatan efter. Ta bort bara kända tillägg.
create or replace function public.mk_spoken_address(a text)
returns text language sql immutable set search_path to 'public','pg_temp' as $$
    select nullif(trim(
        regexp_replace(
            regexp_replace(
                a,
                -- "", Vån 11/11"" / "", Våning 36"" / "", lgh 1201"" på slutet
                ',\s*(v\.|vån|våning|lgh|lägenhet)\.?\s*[0-9/\s-]*\s*[!?]*\s*$',
                '', 'i'),
            '\s*[!?]+\s*$', '')       -- utropstecken kvar på slutet
    ), '');
$$;"
20260826075615,mk_recent_leads,"-- Leadvyn: det mäklaren behöver se, inget mer. Raderade leads visas aldrig.
create or replace function public.mk_recent_leads(p_tenant uuid default null, p_limit integer default 25)
returns table (
    id uuid, name text, phone text, email text, intent text,
    listing_label text, broker_name text, callback_requested boolean,
    preferred_time text, message text, status text, consent_contact boolean,
    created_at timestamptz
)
language sql stable set search_path to 'public','pg_temp' as $$
    select l.id, l.name, l.phone, l.email, l.intent,
           nullif(concat_ws(', ',
             coalesce(mk_spoken_address(li.street_address), li.street_address), li.area), '') as listing_label,
           b.name as broker_name,
           l.callback_requested, l.preferred_time, l.message, l.status, l.consent_contact,
           l.created_at
    from mk_leads l
    left join mk_listings li on li.id = l.listing_id
    left join mk_brokers  b  on b.id = li.broker_id
    where l.tenant_id = coalesce(p_tenant, current_tenant_id())
      and l.erased_at is null
    order by l.created_at desc
    limit least(coalesce(p_limit, 25), 100);
$$;"
20260826093436,mk_capture_lead_validation,"-- En språkmodell som anropar verktyget för tidigt fyller fälten med beskrivningen av
-- fältet: name=""Användarens namn"", phone=""Användarens telefonnummer"". Ett sådant lead är
-- värre än inget — det ser ut som data. Endpointen måste vägra, inte prompten.

create or replace function public.mk_is_placeholder(v text)
returns boolean language sql immutable set search_path to 'public','pg_temp' as $$
    select v is null
        or btrim(v) = ''
        or lower(btrim(v)) ~ '^(användarens?|anvandarens?|kundens?|kund|user|customer)\s*(namn|name|telefonnummer|telefon|nummer|phone|e-?post|email|mejl)?$'
        or lower(btrim(v)) ~ '^(namn|name|telefon|telefonnummer|nummer|phone|e-?post|email|mejl|okänt|okänd|unknown|n/?a|saknas|null|none|xxx+|test)$'
        or lower(btrim(v)) ~ '^(ditt|din|ert|er)\s'
        or btrim(v) ~ '^[<\[{].*[>\]}]$';
$$;

create or replace function public.mk_valid_phone(v text)
returns boolean language sql immutable set search_path to 'public','pg_temp' as $$
    select v is not null
       and not mk_is_placeholder(v)
       and length(regexp_replace(v, '[^0-9]', '', 'g')) between 7 and 15;
$$;

create or replace function public.mk_valid_email(v text)
returns boolean language sql immutable set search_path to 'public','pg_temp' as $$
    select v is not null and not mk_is_placeholder(v) and v ~ '^[^@\s]+@[^@\s]+\.[a-z]{2,}$';
$$;

create or replace function public.mk_capture_lead(
    p_tenant uuid,
    p_name text default null,
    p_phone text default null,
    p_email text default null,
    p_intent text default 'ovrigt',
    p_listing_id uuid default null,
    p_viewing_id uuid default null,
    p_callback boolean default false,
    p_preferred_time text default null,
    p_message text default null,
    p_source text default 'voice',
    p_external_call_id text default null,
    p_consent boolean default false
)
returns uuid language plpgsql set search_path to 'public','pg_temp' as $$
declare
    v_key   text;
    v_id    uuid;
    v_name  text;
    v_phone text;
    v_mail  text;
begin
    -- Städa bort platshållare innan något sparas
    v_name  := case when mk_is_placeholder(p_name)  then null else btrim(p_name)  end;
    v_phone := case when mk_valid_phone(p_phone)    then btrim(p_phone) else null end;
    v_mail  := case when mk_valid_email(p_email)    then lower(btrim(p_email)) else null end;

    -- Utan en väg att nå kunden är leadet värdelöst. Vägra, så att agenten
    -- tvingas fråga i stället för att lova en återkoppling som aldrig kan ske.
    if v_phone is null and v_mail is null then
        return null;
    end if;

    v_key := nullif(lower(coalesce(regexp_replace(coalesce(v_phone,''), '[^0-9+]', '', 'g'), '') ||
                          coalesce(v_mail,'')), '');

    insert into mk_leads (tenant_id, name, phone, email, intent, listing_id, viewing_id,
                          callback_requested, preferred_time, message, source,
                          external_call_id, consent_contact, dedupe_key)
    values (p_tenant, v_name, v_phone, v_mail, p_intent, p_listing_id, p_viewing_id,
            p_callback, p_preferred_time, p_message, p_source,
            p_external_call_id, p_consent, v_key)
    on conflict (tenant_id, dedupe_key) where dedupe_key is not null
    do update set
        name           = coalesce(excluded.name, mk_leads.name),
        email          = coalesce(excluded.email, mk_leads.email),
        phone          = coalesce(excluded.phone, mk_leads.phone),
        intent         = excluded.intent,
        listing_id     = coalesce(excluded.listing_id, mk_leads.listing_id),
        viewing_id     = coalesce(excluded.viewing_id, mk_leads.viewing_id),
        callback_requested = mk_leads.callback_requested or excluded.callback_requested,
        preferred_time = coalesce(excluded.preferred_time, mk_leads.preferred_time),
        message        = concat_ws(E'\n---\n', mk_leads.message, excluded.message),
        consent_contact = mk_leads.consent_contact or excluded.consent_contact,
        updated_at     = now()
    returning id into v_id;

    return v_id;
end $$;

-- Städa bort skräpleadet från testet
alter table public.mk_lead_events disable trigger mk_lead_events_append_only;
delete from public.mk_lead_events where lead_id in (
    select id from public.mk_leads where mk_is_placeholder(name) or not mk_valid_phone(phone));
delete from public.mk_leads where mk_is_placeholder(name) or not mk_valid_phone(phone);
alter table public.mk_lead_events enable trigger mk_lead_events_append_only;"
20260828064110,suppression_list_and_shadow_status,"create table if not exists suppression_list (
  id          uuid primary key default gen_random_uuid(),
  kind        text not null check (kind in ('email','phone','domain')),
  value       text not null,
  reason      text,
  source      text,
  contact_id  uuid references contacts(id) on delete set null,
  created_at  timestamptz not null default now(),
  unique (kind, value)
);
comment on table suppression_list is
  'Spärrlista för outbound. Träff på exakt adress/nummer eller hel domän stoppar utskick och avslutar sekvensen (exit_reason=suppressed).';
create index if not exists suppression_list_kind_value_idx on suppression_list (kind, value);
alter table suppression_list enable row level security;
alter table messages drop constraint if exists messages_status_check;
alter table messages add constraint messages_status_check
  check (status = any (array['queued','sent','failed','delivered','bounced','complained','shadow']));
create index if not exists messages_outbound_status_created_idx
  on messages (direction, status, created_at);"
20260828073222,mk_sold_summary_and_search,"-- Sålda objekt ska läsas upp med SLUTPRIS, inte utgångspris (som är null för dem).
-- Utan det säger agenten ""villa på Skäddegarnsvägen, 5 rum, 120 kvadratmeter, såld""
-- och utelämnar det enda en säljare vill höra.
create or replace function public.mk_listing_summary(l mk_listings)
returns text language sql immutable set search_path to 'public','pg_temp' as $$
    select concat_ws(', ',
        nullif(trim(concat_ws(' ',
            coalesce(l.object_type, 'bostad'),
            case when l.street_address is not null
                 then 'på ' || coalesce(mk_spoken_address(l.street_address), l.street_address) end)), ''),
        nullif(l.area, ''),
        case when l.rooms is not null then mk_num(l.rooms) || ' rum' end,
        case when l.living_area is not null then mk_num(l.living_area) || ' kvadratmeter' end,
        case
            when l.status = 'såld' and l.final_price is not null
                then 'såld för ' || mk_kr(l.final_price) || ' kronor'
            when l.status = 'såld' then 'såld'
            when l.price is not null then mk_kr(l.price) || ' kronor'
        end,
        case when l.status <> 'såld' and l.monthly_fee is not null
             then 'avgift ' || mk_kr(l.monthly_fee) || ' kronor i månaden' end,
        case l.status
            when 'budgivning' then 'budgivning pågår'
            when 'kommande'   then 'kommande objekt'
            when 'avtal'      then 'under avtal'
            else null
        end
    );
$$;

-- Returtypen ändras (final_price tillkommer), därför drop innan create.
drop function if exists public.mk_search_listings(uuid, text, text, text, numeric, numeric, numeric, text, integer);

create function public.mk_search_listings(
    p_tenant uuid default null,
    p_query text default null,
    p_area text default null,
    p_object_type text default null,
    p_min_rooms numeric default null,
    p_max_price numeric default null,
    p_min_living_area numeric default null,
    p_status text default null,
    p_limit integer default 5
) returns table (
    id uuid, headline text, street_address text, area text, municipality text,
    object_type text, status text, price numeric, final_price numeric,
    monthly_fee numeric, rooms numeric, living_area numeric, build_year integer,
    source_url text, broker_name text, next_viewing timestamptz,
    summary text, total_matches bigint
) language sql stable set search_path to 'public','pg_temp' as $$
    with matchande as (
        select l.id, l.headline, l.street_address, l.area, l.municipality,
               l.object_type, l.status, l.price, l.final_price, l.monthly_fee,
               l.rooms, l.living_area, l.build_year, l.source_url,
               b.name as broker_name,
               (select min(v.starts_at) from mk_viewings v
                 where v.listing_id = l.id and v.starts_at > now()) as next_viewing,
               mk_listing_summary(l) as summary,
               count(*) over () as total_matches,
               l.created_at
        from mk_listings l
        left join mk_brokers b on b.id = l.broker_id
        where l.tenant_id = coalesce(p_tenant, current_tenant_id())
          and (
                p_status is null      and l.status in ('till_salu','budgivning')
             or p_status = 'alla'
             or p_status is not null and p_status <> 'alla' and l.status = p_status
              )
          and (p_area is null or l.area ilike '%' || p_area || '%' or l.municipality ilike '%' || p_area || '%')
          and (p_object_type is null or l.object_type ilike p_object_type)
          and (p_min_rooms is null or l.rooms >= p_min_rooms)
          and (p_max_price is null or coalesce(l.price, l.final_price) <= p_max_price)
          and (p_min_living_area is null or l.living_area >= p_min_living_area)
          and (p_query is null or to_tsvector('swedish',
                 coalesce(l.headline,'') || ' ' || coalesce(l.street_address,'') || ' ' ||
                 coalesce(l.area,'') || ' ' || coalesce(l.municipality,'') || ' ' || coalesce(l.description,''))
               @@ plainto_tsquery('swedish', p_query))
    )
    select id, headline, street_address, area, municipality,
           object_type, status, price, final_price, monthly_fee,
           rooms, living_area, build_year,
           source_url, broker_name, next_viewing, summary, total_matches
    from matchande
    -- Sålda: dyrast först, det är referensen en säljare vill höra.
    -- Säljbara: budgivning först (mest akut för en spekulant), sen billigast.
    order by
        case when status = 'såld' then 0 else 1 end,
        case when status = 'såld' then final_price end desc nulls last,
        (status = 'budgivning') desc,
        case when status <> 'såld' then price end nulls last
    limit least(coalesce(p_limit, 5), 25);
$$;

comment on function public.mk_search_listings is
  'Söker objekt för röstagenten. p_status: null = säljbara (till_salu+budgivning), ''alla'' = allt, annars exakt status (t.ex. ''såld'' för referenscase).';"
20260830145551,outbound_policy_sequences,"alter table sequences
  add column if not exists outbound_policy text not null default 'outreach'
  check (outbound_policy in ('outreach', 'transactional'));
comment on column sequences.outbound_policy is
  'outreach = lyder kill switch/skugga/dagsbudget; transactional = bokningspåminnelser o.dyl., går ut ändå.';
update sequences set outbound_policy = 'transactional'
 where trigger_type = 'booking_created' and name ilike '%påminnelse%';"
20260830183239,costs_meta,"alter table costs add column if not exists meta jsonb not null default '{}'::jsonb;
comment on column costs.meta is 'Fritt sammanhang per rad, t.ex. {""contact"":""Laser4you"",""vertical"":""beauty"",""attempts"":1,""duration_s"":300,""result"":""ok""} från prospect_pipeline (plan 2.4).';"
20260906195243,attribution_scc36,"alter table bookings
    add column if not exists attributed_message_id uuid references messages(id) on delete set null,
    add column if not exists attributed_enrollment_id uuid references sequence_enrollments(id) on delete set null,
    add column if not exists attributed_touch_at timestamptz,
    add column if not exists attribution_note text,
    add column if not exists paid_confirmed_at timestamptz,
    add column if not exists paid_value_sek numeric,
    add column if not exists commission_sek numeric;

comment on column bookings.attributed_message_id is 'Senaste utgående meddelande till kontakten inom 90 dagar före bokningen (SCC-36)';
comment on column bookings.paid_confirmed_at is 'Operatören har bekräftat att bokningen blev betald/genomförd — provisionsgrundande (SCC-39)';

create index if not exists bookings_attributed_enrollment_idx on bookings (attributed_enrollment_id);
create index if not exists bookings_customer_created_idx on bookings (customer_id, created_at desc);

create or replace view v_outreach_funnel as
select
    e.id                                   as enrollment_id,
    e.sequence_id,
    s.name                                 as sequence_name,
    e.contact_id,
    c.name                                 as contact_name,
    c.customer_id,
    c.tenant_id,
    c.source,
    c.custom->>'area'                      as area,
    c.custom->>'dm_vertical'               as dm_vertical,
    c.custom->>'dm_variant'                as dm_variant,
    nullif(c.custom->>'score', '')::numeric             as score,
    nullif(c.custom->>'research_cost_usd', '')::numeric as research_cost_usd,
    e.enrolled_at,
    e.status                               as enrollment_status,
    e.exit_reason,
    e.current_position,
    (select count(*) from messages m
      where m.direction = 'outbound' and m.status = 'sent'
        and m.metadata->>'enrollment_id' = e.id::text)                       as sent_count,
    (select min(m.created_at) from messages m
      where m.direction = 'outbound' and m.status = 'sent'
        and m.metadata->>'enrollment_id' = e.id::text)                       as first_sent_at,
    (select count(*) from messages m
      where m.direction = 'inbound'
        and m.metadata->>'contact_id' = e.contact_id::text
        and m.created_at >= e.enrolled_at)                                    as reply_count,
    (select a.details->>'intent' from activities a
      where a.action like 'reply.classified%'
        and a.details->>'contact_id' = e.contact_id::text
        and a.created_at >= e.enrolled_at
      order by a.created_at desc limit 1)                                     as reply_intent,
    (select count(*) from bookings b
      where b.contact_id = e.contact_id
        and b.created_at >= e.enrolled_at
        and b.status <> 'cancelled')                                          as booking_count,
    (select min(b.created_at) from bookings b
      where b.contact_id = e.contact_id
        and b.created_at >= e.enrolled_at
        and b.status <> 'cancelled')                                          as first_booking_at,
    o.status                               as opportunity_status,
    st.name                                as stage_name,
    o.value_sek
from sequence_enrollments e
join contacts c   on c.id = e.contact_id
join sequences s  on s.id = e.sequence_id
left join lateral (
    select o.* from opportunities o
     where o.contact_id = e.contact_id
     order by o.created_at desc limit 1
) o on true
left join stages st on st.id = o.stage_id;

comment on view v_outreach_funnel is 'SCC-36: en rad per enrollment — dimensioner + utfall. Läses av /api/v1/attribution/outreach.';"
20260907071714,ce_jobs_admin_queue,"create table if not exists public.ce_jobs (
  id uuid primary key default gen_random_uuid(),
  tenant_id uuid not null,
  type text not null,
  payload jsonb not null default '{}'::jsonb,
  status text not null default 'pending' check (status in ('pending','running','done','failed')),
  result jsonb,
  created_at timestamptz not null default now(),
  started_at timestamptz,
  finished_at timestamptz
);
create index if not exists idx_ce_jobs_pending on public.ce_jobs (tenant_id, status, created_at);
alter table public.ce_jobs enable row level security;
comment on table public.ce_jobs is 'Administrativa jobb för ce-edge-functions (test_email, send_first_emails). Endast service role; ingen policy = ingen klientåtkomst.';"
20260907074023,ce_settings_autopilot,"create table if not exists public.ce_settings (
  tenant_id uuid not null,
  key text not null,
  value text not null,
  updated_at timestamptz not null default now(),
  primary key (tenant_id, key)
);
alter table public.ce_settings enable row level security;
comment on table public.ce_settings is 'Driftflaggor per tenant. autopilot=on|off styr om agenten och första mejlet får skickas till kunder.';
insert into public.ce_settings (tenant_id, key, value) values ('1a215fa9-80cd-4ae1-a89d-796b473fc74f','autopilot','off')
on conflict (tenant_id, key) do update set value='off', updated_at=now();"
20260907091532,ce_deletion_requests,"create table if not exists ce_deletion_requests (
  id uuid primary key default gen_random_uuid(),
  tenant_id uuid not null,
  platform text not null default 'messenger',
  platform_user_id text not null,
  confirmation_code text not null unique,
  status text not null default 'received',
  leads_affected int not null default 0,
  messages_redacted int not null default 0,
  detail jsonb not null default '{}'::jsonb,
  requested_at timestamptz not null default now(),
  completed_at timestamptz
);
create index if not exists ce_deletion_requests_user_idx on ce_deletion_requests (tenant_id, platform_user_id);
alter table ce_deletion_requests enable row level security;
comment on table ce_deletion_requests is
  'Metas Data Deletion Request Callback. En rad per begäran, confirmation_code visas för användaren och för Metas granskare på statussidan.';"
20260907093245,ce_page_connections,"-- Sidan som ägaren anslutit via Facebook-inloggning för företag.
create table if not exists ce_page_connections (
  id uuid primary key default gen_random_uuid(),
  tenant_id uuid not null,
  page_id text not null,
  page_name text,
  page_token text not null,
  granted_scopes text[] not null default '{}',
  subscribed_fields text[] not null default '{}',
  connected_by_asid text,
  status text not null default 'active',
  connected_at timestamptz not null default now(),
  updated_at timestamptz not null default now(),
  unique (tenant_id, page_id)
);
alter table ce_page_connections enable row level security;
comment on table ce_page_connections is
  'Sidtoken från anslutningsflödet. RLS på utan policies, alltså bara service role. page_token är en hemlighet.';

-- Kortlivad session mellan steg 1 (kodväxling) och steg 2 (val av sida).
create table if not exists ce_connect_sessions (
  id uuid primary key default gen_random_uuid(),
  token text not null unique,
  user_token text not null,
  asid text,
  expires_at timestamptz not null default now() + interval '10 minutes',
  used_at timestamptz,
  created_at timestamptz not null default now()
);
alter table ce_connect_sessions enable row level security;
comment on table ce_connect_sessions is
  'Håller användartoken i högst 10 minuter medan ägaren väljer sida. Raderas direkt efter användning.';

-- Koppling mellan Facebook-inloggningens ASID och Messenger-PSID, så att
-- Metas raderingscallback hittar rätt person oavsett vilket id den skickar.
alter table ce_conversations add column if not exists external_asid text;
create index if not exists ce_conversations_asid_idx on ce_conversations (tenant_id, external_asid);"
20260907114857,webbsparning_per_tenant,"-- Webbspårningen var byggd för en enda sajt. Här får den lära sig skilja på kunder.

-- 1. Sajtnyckel och tillåtna avsändare per tenant.
--    Nyckeln ligger i webbläsaren och är alltså ingen hemlighet. Det är
--    origin-kontrollen i ingest-rutten som gör det riktiga jobbet.
alter table public.tenants
  add column if not exists site_key text,
  add column if not exists allowed_origins text[] not null default '{}';

-- 2. MarinMekaniker som egen tenant, kopplad till Thomas kundkort.
insert into public.tenants (slug, name, vertical, status, allowed_origins)
values (
  'marinmekaniker',
  'MarinMekaniker.nu',
  'marin',
  'active',
  array['https://marinmekaniker.nu', 'https://www.marinmekaniker.nu']
)
on conflict (slug) do nothing;

update public.tenants
set site_key = 'sk_' || replace(gen_random_uuid()::text, '-', '')
where site_key is null;

alter table public.tenants
  add constraint tenants_site_key_unique unique (site_key);

update public.tenants
set allowed_origins = array['https://skylandai.se', 'https://www.skylandai.se']
where slug = 'skyland' and allowed_origins = '{}';

update public.customers
set tenant_id = (select id from public.tenants where slug = 'marinmekaniker')
where slug = 'thomas' and tenant_id is null;

-- 3. Sessioner och händelser får veta vilken sajt de kommer från.
--    Default pekar på skyland så att den befintliga spårningen fortsätter
--    fungera oförändrad tills dess ingest-rutt börjar skicka tenant själv.
alter table public.sessions
  add column if not exists tenant_id uuid references public.tenants(id)
  default '8270706f-5bf8-4996-804b-a30fba20831d';

alter table public.events
  add column if not exists tenant_id uuid references public.tenants(id)
  default '8270706f-5bf8-4996-804b-a30fba20831d';

update public.sessions set tenant_id = '8270706f-5bf8-4996-804b-a30fba20831d' where tenant_id is null;

update public.events e
set tenant_id = coalesce(
  (select s.tenant_id from public.sessions s where s.session_uuid = e.session_uuid limit 1),
  '8270706f-5bf8-4996-804b-a30fba20831d'
)
where e.tenant_id is null;

alter table public.sessions alter column tenant_id set not null;
alter table public.events   alter column tenant_id set not null;

create index if not exists sessions_tenant_tid_idx on public.sessions (tenant_id, created_at desc);
create index if not exists events_tenant_tid_idx   on public.events   (tenant_id, created_at desc);
create index if not exists events_tenant_type_idx  on public.events   (tenant_id, type);"
20260907114926,kundkort_kopplas_till_sparad_sajt,"-- customers.tenant_id betyder vem som äger kundposten (Skyland), inte vilken
-- sajt som spåras. Den lämnas orörd. Sajtkopplingen får en egen kolumn.
alter table public.customers
  add column if not exists site_tenant_id uuid references public.tenants(id);

comment on column public.customers.site_tenant_id is
  'Tenanten vars webbspårning hör till den här kunden. Skild från tenant_id, som är ägaren av kundposten.';

update public.customers
set site_tenant_id = (select id from public.tenants where slug = 'marinmekaniker')
where slug = 'thomas';

-- Vad som räknas som engagemang och lead skiljer sig per sajt. Tratten läses
-- härifrån istället för att vara hårdkodad mot skylandai.se.
update public.tenants
set config = coalesce(config, '{}'::jsonb) || jsonb_build_object(
  'webb', jsonb_build_object(
    'sajt', 'marinmekaniker.nu',
    'engagemang', jsonb_build_array('bestall_start', 'kit_valt', 'form_start'),
    'lead',       jsonb_build_array('form_submit', 'tel_klick'),
    'avslut',     jsonb_build_array('swish_start', 'swish_betald'),
    'visa',       jsonb_build_array('besok', 'engagemang', 'lead', 'avslut')
  )
)
where slug = 'marinmekaniker';"
20260907115836,customer_status_site_tenant,"-- Kundvyn får med vilken spårad sajt kunden hör till, så att kundkortet kan
-- visa en Hemsida-flik. Beräkningen av status är oförändrad.
create or replace view public.customer_status as
 WITH recent_activities AS (
         SELECT activities.customer_id,
            count(*) FILTER (WHERE activities.severity = 'error'::text AND activities.created_at > (now() - '24:00:00'::interval)) AS errors_24h,
            count(*) FILTER (WHERE activities.severity = 'warn'::text AND activities.created_at > (now() - '24:00:00'::interval)) AS warnings_24h,
            max(activities.created_at) AS last_activity
           FROM activities
          WHERE activities.customer_id IS NOT NULL
          GROUP BY activities.customer_id
        ), pending_tasks AS (
         SELECT tasks.customer_id,
            count(*) FILTER (WHERE tasks.status = ANY (ARRAY['created'::text, 'assigned'::text, 'in_progress'::text, 'review'::text])) AS open_tasks,
            count(*) FILTER (WHERE tasks.status = 'failed'::text AND tasks.updated_at > (now() - '24:00:00'::interval)) AS failed_tasks_24h
           FROM tasks
          WHERE tasks.customer_id IS NOT NULL
          GROUP BY tasks.customer_id
        ), crm_contacts AS (
         SELECT contacts.customer_id,
            count(*) AS contacts_count
           FROM contacts
          WHERE contacts.customer_id IS NOT NULL
          GROUP BY contacts.customer_id
        ), crm_opps AS (
         SELECT opportunities.customer_id,
            count(*) AS open_opportunities
           FROM opportunities
          WHERE opportunities.status = 'open'::text AND opportunities.customer_id IS NOT NULL
          GROUP BY opportunities.customer_id
        )
 SELECT c.id,
    c.name,
    c.slug,
    COALESCE(ra.errors_24h, 0::bigint) AS errors_24h,
    COALESCE(ra.warnings_24h, 0::bigint) AS warnings_24h,
    COALESCE(pt.open_tasks, 0::bigint) AS open_tasks,
    COALESCE(pt.failed_tasks_24h, 0::bigint) AS failed_tasks_24h,
    ra.last_activity,
        CASE
            WHEN COALESCE(ra.errors_24h, 0::bigint) > 0 OR COALESCE(pt.failed_tasks_24h, 0::bigint) > 0 THEN 'error'::text
            WHEN COALESCE(ra.warnings_24h, 0::bigint) > 2 OR COALESCE(pt.open_tasks, 0::bigint) > 10 THEN 'warning'::text
            ELSE 'active'::text
        END AS status,
    COALESCE(cc.contacts_count, 0::bigint) AS contacts_count,
    COALESCE(co.open_opportunities, 0::bigint) AS open_opportunities,
    c.site_tenant_id,
    st.slug AS site_tenant_slug
   FROM customers c
     LEFT JOIN recent_activities ra ON ra.customer_id = c.id
     LEFT JOIN pending_tasks pt ON pt.customer_id = c.id
     LEFT JOIN crm_contacts cc ON cc.customer_id = c.id
     LEFT JOIN crm_opps co ON co.customer_id = c.id
     LEFT JOIN tenants st ON st.id = c.site_tenant_id;"
20260907120438,ce_activities_bridge,"-- Brygga: Cold Experience-händelser syns i SCC:s aktivitetsflöde under Gustavs kundkort.
-- Kopplingen går customers.site_tenant_id -> tenants.id -> ce_*.tenant_id.

create or replace function ce_customer_id(p_tenant uuid)
returns uuid language sql stable as $$
  select c.id from customers c where c.site_tenant_id = p_tenant limit 1;
$$;

-- Idempotens: varje bryggad rad bär sin källhändelses id. Ett unikt index gör
-- backfill och trigger ofarliga att köra om.
create unique index if not exists activities_ce_ref_uidx
  on activities ((details->>'ce_ref')) where details ? 'ce_ref';

create or replace function ce_event_to_activity()
returns trigger language plpgsql as $$
declare
  v_customer uuid;
  v_type text; v_action text; v_sev text; v_auto text;
  v_lead record;
begin
  v_customer := ce_customer_id(new.tenant_id);
  if v_customer is null then return new; end if;

  select name, country, status, channel into v_lead from ce_leads where id = new.lead_id;

  case new.event_type
    when 'form_received'    then v_type:='lead';        v_action:='ce.lead.form_received';  v_sev:='info';  v_auto:='OBSERVE';
    when 'lead_created'     then v_type:='lead';        v_action:='ce.lead.created';        v_sev:='info';  v_auto:='OBSERVE';
    when 'status_changed'   then v_type:='lead';        v_action:='ce.lead.status_changed'; v_sev:='info';  v_auto:='OBSERVE';
    when 'disqualified'     then v_type:='lead';        v_action:='ce.lead.disqualified';   v_sev:='info';  v_auto:='ACT';
    when 'first_email_sent' then v_type:='message';     v_action:='ce.email.sent';          v_sev:='info';  v_auto:='ACT';
    when 'owner_notified'   then v_type:='message';     v_action:='ce.owner.notified';      v_sev:='info';  v_auto:='ACT';
    when 'handoff'          then v_type:='opportunity'; v_action:='ce.lead.handoff';        v_sev:='warn';  v_auto:='ACT';
    when 'human_took_over'  then v_type:='chat';        v_action:='ce.human.took_over';     v_sev:='info';  v_auto:='OBSERVE';
    when 'agent_paused'     then v_type:='system';      v_action:='ce.agent.paused';        v_sev:='warn';  v_auto:='OBSERVE';
    when 'agent_error'      then v_type:='system';      v_action:='ce.agent.error';         v_sev:='error'; v_auto:='OBSERVE';
    else                         v_type:='system';      v_action:='ce.'||new.event_type;    v_sev:='info';  v_auto:='OBSERVE';
  end case;

  insert into activities (customer_id, agent, action, event_type, severity, autonomy_level, details, created_at)
  values (
    v_customer, 'cold-experience', v_action, v_type, v_sev, v_auto,
    jsonb_strip_nulls(jsonb_build_object(
      'ce_ref',   'event:'||new.id::text,
      'lead_id',  new.lead_id,
      'lead',     v_lead.name,
      'country',  v_lead.country,
      'channel',  v_lead.channel,
      'from_status', new.from_status,
      'to_status',   new.to_status,
      'actor',    new.actor,
      'payload',  new.payload
    )),
    new.created_at
  )
  on conflict do nothing;

  return new;
end $$;

create or replace function ce_message_to_activity()
returns trigger language plpgsql as $$
declare
  v_customer uuid;
  v_lead record;
begin
  v_customer := ce_customer_id(new.tenant_id);
  if v_customer is null then return new; end if;

  select name, country into v_lead from ce_leads where id = new.lead_id;

  insert into activities (customer_id, agent, action, event_type, severity, autonomy_level, details, created_at)
  values (
    v_customer, 'cold-experience',
    'ce.message.'||new.direction,
    'message',
    case when new.status = 'failed' then 'error' else 'info' end,
    case when new.direction = 'outbound' then 'ACT' else 'OBSERVE' end,
    jsonb_strip_nulls(jsonb_build_object(
      'ce_ref',  'msg:'||new.id::text,
      'lead_id', new.lead_id,
      'lead',    v_lead.name,
      'country', v_lead.country,
      'channel', new.channel,
      'sender',  new.sender,
      'status',  new.status,
      'preview', left(coalesce(new.body,''), 200),
      'conversation_id', new.conversation_id
    )),
    new.created_at
  )
  on conflict do nothing;

  return new;
end $$;

drop trigger if exists trg_ce_events_to_activities on ce_lead_events;
create trigger trg_ce_events_to_activities
  after insert on ce_lead_events
  for each row execute function ce_event_to_activity();

drop trigger if exists trg_ce_msg_to_activities on ce_messages;
create trigger trg_ce_msg_to_activities
  after insert on ce_messages
  for each row execute function ce_message_to_activity();

comment on function ce_event_to_activity is
  'Speglar ce_lead_events till activities så Cold Experience syns i SCC:s kundvy. details->>ce_ref gör den idempotent.';"
20260907121030,ce_lead_overview,"-- Leadöversikt för SCC. En rad per lead med allt listan behöver, joins gjorda i SQL
-- i stället för i klienten. Ingen SECURITY DEFINER: vyn ärver anroparens rättigheter.
create or replace view ce_lead_overview as
select
  l.id,
  l.tenant_id,
  l.name,
  l.country,
  l.channel,
  l.source,
  l.status,
  l.phone,
  l.email,
  l.language,
  l.qualification->>'winter_intent'            as intent,
  l.custom->>'priority'                        as priority,
  nullif(trim(l.qualification->>'message'),'') as guest_message,
  l.hot_reasons,
  l.notes,
  l.group_size,
  l.budget_signal,
  -- chattens kvalificering, om agenten hunnit fylla i något
  l.qualification->'chat'->>'travel_when'      as travel_when,
  (l.qualification->'chat'->>'days')::int      as days,
  (l.qualification->'chat'->>'adults')::int    as adults,
  l.qualification->'chat'->>'departure'        as departure,
  (l.qualification->'chat'->>'price_quoted_eur')::numeric as price_quoted_eur,
  l.qualification->'chat'->>'callback_window'  as callback_window,
  -- annonsen leadet kom från
  l.ad_referral->>'ad_name'                    as ad_name,
  l.ad_referral->>'campaign_name'              as campaign_name,
  -- tidslinje
  coalesce((l.custom->>'meta_created_time')::timestamptz, l.created_at) as received_at,
  l.created_at,
  l.first_contact_at,
  l.hot_at,
  l.handed_off_at,
  l.booked_at,
  l.opted_out_at,
  l.erased_at,
  -- konversationen
  c.id                                         as conversation_id,
  c.last_inbound_at,
  c.last_outbound_at,
  c.human_active,
  c.free_entry_expires_at,
  coalesce(m.in_count, 0)                      as messages_in,
  coalesce(m.out_count, 0)                     as messages_out,
  (coalesce(m.out_count, 0) > 0)               as answered,
  m.last_message_at,
  m.last_inbound_body
from ce_leads l
left join lateral (
  select cv.* from ce_conversations cv
  where cv.lead_id = l.id order by cv.created_at desc limit 1
) c on true
left join lateral (
  select
    count(*) filter (where ms.direction = 'inbound')  as in_count,
    count(*) filter (where ms.direction = 'outbound' and ms.status = 'sent') as out_count,
    max(ms.created_at) as last_message_at,
    (array_agg(ms.body order by ms.created_at desc)
       filter (where ms.direction = 'inbound'))[1] as last_inbound_body
  from ce_messages ms where ms.lead_id = l.id
) m on true
where l.erased_at is null;

comment on view ce_lead_overview is
  'En rad per Cold Experience-lead med konversationsstatus. Används av SCC:s leadvy.';"
20260907122913,cold_experience_webbsparning,"-- Cold Experience får samma spårning som MarinMekaniker och Skyland.
-- Sajten tar inte betalt, bokningen är en förfrågan, så det finns inget
-- avslutssteg. Språkfördelningen behålls däremot: sajten finns på fyra språk
-- och vilket besökaren kommer in på säger något.
update public.tenants
set allowed_origins = array['https://coldexperience.se', 'https://www.coldexperience.se'],
    config = coalesce(config, '{}'::jsonb) || jsonb_build_object(
      'webb', jsonb_build_object(
        'sajt', 'coldexperience.se',
        'engagemang', jsonb_build_array('upplevelse_visad', 'form_start'),
        'lead',       jsonb_build_array('form_submit'),
        'avslut',     jsonb_build_array(),
        'visa',       jsonb_build_array('besok', 'engagemang', 'lead', 'sprak')
      )
    )
where slug = 'cold-experience';

update public.customers
set site_tenant_id = (select id from public.tenants where slug = 'cold-experience')
where slug = 'gustav';

select c.name, t.slug as sajt, t.allowed_origins
from customers c join tenants t on t.id = c.site_tenant_id;"
20260907125218,ce_crm_mirror,"-- Speglar Cold Experience-leads in i det befintliga CRM:et: contacts + opportunities
-- i pipelinen ""Cold Experience — leads"". Ingen ny frontend, samma kort och kanban
-- som för prospekten. ce_leads förblir källan, speglingen är en projektion.

-- Vilket steg ett lead hör hemma i. ""Het"" används för nya leads som sagt ja till
-- vintern: det är Gustavs ringlista, inte en egen fas.
create or replace function ce_stage_for(p_status text, p_intent text)
returns text language sql immutable as $$
  select case
    when p_status in ('booked')                       then 'Bokad'
    when p_status in ('paid')                         then 'Betald'
    when p_status in ('cold','lost')                  then 'Avböjt'
    when p_status in ('handed_off')                   then 'Överlämnad'
    when p_status in ('in_conversation','qualifying') then 'Kvalificerad'
    when p_status = 'new' and p_intent = 'yes'        then 'Het'
    else 'Ny'
  end;
$$;

-- Vägen tillbaka, för när Gustav drar ett kort mellan kolumnerna.
create or replace function ce_status_for(p_stage text)
returns text language sql immutable as $$
  select case p_stage
    when 'Bokad'        then 'booked'
    when 'Betald'       then 'paid'
    when 'Avböjt'       then 'cold'
    when 'Överlämnad'   then 'handed_off'
    when 'Kvalificerad' then 'in_conversation'
    when 'Het'          then 'new'
    else 'new'
  end;
$$;

create or replace function ce_mirror_lead(p_lead_id uuid)
returns void language plpgsql as $$
declare
  l           record;
  v_customer  uuid;
  v_pipeline  uuid;
  v_stage     uuid;
  v_contact   uuid;
  v_intent    text;
  v_titel     text;
begin
  select * into l from ce_lead_overview where id = p_lead_id;
  if not found then return; end if;

  select id into v_customer from customers where site_tenant_id = l.tenant_id limit 1;
  select id into v_pipeline from pipelines where name like 'Cold Experience%' limit 1;
  if v_customer is null or v_pipeline is null then return; end if;

  v_intent := coalesce(l.intent, 'unknown');
  select id into v_stage from stages
    where pipeline_id = v_pipeline and name = ce_stage_for(l.status, v_intent) limit 1;

  -- Kontakten. dedupe_key knyter den till leadet och gör speglingen idempotent.
  insert into contacts (customer_id, tenant_id, name, email, phone, source, status, dedupe_key, tags, custom)
  values (
    v_customer, l.tenant_id,
    coalesce(nullif(l.name,''), 'Okänt namn'), l.email, l.phone,
    'cold_experience', l.status, 'ce:' || l.id::text,
    array_remove(array[
      'cold-experience',
      case when l.country is not null then 'land:'  || lower(l.country) end,
      case when l.channel is not null then 'kanal:' || l.channel end,
      case when l.intent  is not null then 'vill:'  || l.intent end,
      case when not l.answered then 'obesvarad' end
    ], null),
    jsonb_strip_nulls(jsonb_build_object(
      'ce_lead_id',       l.id,
      'ce_channel',       l.channel,
      'ce_intent',        l.intent,
      'ce_country',       l.country,
      'ce_message',       l.guest_message,
      'ce_last_inbound',  l.last_inbound_body,
      'ce_received_at',   l.received_at,
      'ce_answered',      l.answered,
      'ce_messages_in',   l.messages_in,
      'ce_messages_out',  l.messages_out,
      'ce_travel_when',   l.travel_when,
      'ce_days',          l.days,
      'ce_adults',        l.adults,
      'ce_departure',     l.departure,
      'ce_price_eur',     l.price_quoted_eur,
      'ce_callback',      l.callback_window,
      'ce_ad_name',       l.ad_name,
      'ce_form',          (select qualification->'form' from ce_leads where id = l.id)
    ))
  )
  on conflict (dedupe_key) do update set
    name = excluded.name, email = excluded.email, phone = excluded.phone,
    status = excluded.status, tags = excluded.tags, custom = excluded.custom,
    updated_at = now()
  returning id into v_contact;

  if v_contact is null then
    select id into v_contact from contacts where dedupe_key = 'ce:' || l.id::text;
  end if;

  v_titel := coalesce(nullif(l.name,''), 'Okänt namn')
             || case when l.days is not null then ' · ' || l.days || ' dagar' else '' end;

  -- Affären. En per lead, hittas via kontakten.
  if exists (select 1 from opportunities where contact_id = v_contact and pipeline_id = v_pipeline) then
    update opportunities set
      stage_id = v_stage, title = v_titel,
      status = case when l.status = 'booked' then 'won'
                    when l.status in ('cold','lost') then 'lost' else 'open' end,
      updated_at = now()
    where contact_id = v_contact and pipeline_id = v_pipeline;
  else
    insert into opportunities (contact_id, pipeline_id, stage_id, customer_id, tenant_id, title, status)
    values (v_contact, v_pipeline, v_stage, v_customer, l.tenant_id, v_titel,
            case when l.status = 'booked' then 'won'
                 when l.status in ('cold','lost') then 'lost' else 'open' end);
  end if;
end $$;

comment on function ce_mirror_lead is
  'Projicerar ett ce_leads-rad till contacts + opportunities. Idempotent på contacts.dedupe_key = ce:<lead_id>.';"
20260907125259,ce_crm_mirror_fix_conflict,"-- contacts.dedupe_key har ett PARTIELLT unikt index (where dedupe_key is not null),
-- så ON CONFLICT måste upprepa predikatet för att Postgres ska hitta indexet.
create or replace function ce_mirror_lead(p_lead_id uuid)
returns void language plpgsql as $$
declare
  l record; v_customer uuid; v_pipeline uuid; v_stage uuid; v_contact uuid;
  v_intent text; v_titel text; v_nyckel text;
begin
  select * into l from ce_lead_overview where id = p_lead_id;
  if not found then return; end if;

  select id into v_customer from customers where site_tenant_id = l.tenant_id limit 1;
  select id into v_pipeline from pipelines where name like 'Cold Experience%' limit 1;
  if v_customer is null or v_pipeline is null then return; end if;

  v_intent := coalesce(l.intent, 'unknown');
  v_nyckel := 'ce:' || l.id::text;
  select id into v_stage from stages
    where pipeline_id = v_pipeline and name = ce_stage_for(l.status, v_intent) limit 1;

  insert into contacts (customer_id, tenant_id, name, email, phone, source, status, dedupe_key, tags, custom)
  values (
    v_customer, l.tenant_id,
    coalesce(nullif(l.name,''), 'Okänt namn'), l.email, l.phone,
    'cold_experience', l.status, v_nyckel,
    array_remove(array[
      'cold-experience',
      case when l.country is not null then 'land:'  || lower(l.country) end,
      case when l.channel is not null then 'kanal:' || l.channel end,
      case when l.intent  is not null then 'vill:'  || l.intent end,
      case when not l.answered then 'obesvarad' end
    ], null),
    jsonb_strip_nulls(jsonb_build_object(
      'ce_lead_id', l.id, 'ce_channel', l.channel, 'ce_intent', l.intent,
      'ce_country', l.country, 'ce_message', l.guest_message,
      'ce_last_inbound', l.last_inbound_body, 'ce_received_at', l.received_at,
      'ce_answered', l.answered, 'ce_messages_in', l.messages_in, 'ce_messages_out', l.messages_out,
      'ce_travel_when', l.travel_when, 'ce_days', l.days, 'ce_adults', l.adults,
      'ce_departure', l.departure, 'ce_price_eur', l.price_quoted_eur,
      'ce_callback', l.callback_window, 'ce_ad_name', l.ad_name,
      'ce_form', (select qualification->'form' from ce_leads where id = l.id)
    ))
  )
  on conflict (dedupe_key) where dedupe_key is not null do update set
    name = excluded.name, email = excluded.email, phone = excluded.phone,
    status = excluded.status, tags = excluded.tags, custom = excluded.custom,
    updated_at = now()
  returning id into v_contact;

  if v_contact is null then
    select id into v_contact from contacts where dedupe_key = v_nyckel;
  end if;
  if v_contact is null then return; end if;

  v_titel := coalesce(nullif(l.name,''), 'Okänt namn')
             || case when l.days is not null then ' · ' || l.days || ' dagar' else '' end;

  if exists (select 1 from opportunities where contact_id = v_contact and pipeline_id = v_pipeline) then
    update opportunities set
      stage_id = v_stage, title = v_titel,
      status = case when l.status='booked' then 'won'
                    when l.status in ('cold','lost') then 'lost' else 'open' end,
      updated_at = now()
    where contact_id = v_contact and pipeline_id = v_pipeline;
  else
    insert into opportunities (contact_id, pipeline_id, stage_id, customer_id, tenant_id, title, status)
    values (v_contact, v_pipeline, v_stage, v_customer, l.tenant_id, v_titel,
            case when l.status='booked' then 'won'
                 when l.status in ('cold','lost') then 'lost' else 'open' end);
  end if;
end $$;"
20260907125330,ce_crm_mirror_triggers,"-- Håll speglingen färsk.

create or replace function ce_leads_mirror_trg()
returns trigger language plpgsql as $$
begin
  perform ce_mirror_lead(new.id);
  return new;
end $$;

drop trigger if exists trg_ce_leads_mirror on ce_leads;
create trigger trg_ce_leads_mirror
  after insert or update on ce_leads
  for each row execute function ce_leads_mirror_trg();

-- Ett nytt meddelande ändrar ""obesvarad"" och antalen på kortet.
create or replace function ce_msg_mirror_trg()
returns trigger language plpgsql as $$
begin
  if new.lead_id is not null then perform ce_mirror_lead(new.lead_id); end if;
  return new;
end $$;

drop trigger if exists trg_ce_msg_mirror on ce_messages;
create trigger trg_ce_msg_mirror
  after insert on ce_messages
  for each row execute function ce_msg_mirror_trg();

-- Vägen tillbaka: drar Gustav ett kort mellan kolumnerna ska leadet följa med.
-- Utan det skriver nästa webhook över hans flytt.
--
-- Loopen bryts av två saker: triggern körs bara när stage_id faktiskt ändrats,
-- och ce_leads uppdateras bara när statusen skiljer sig. Är de överens skrivs inget.
create or replace function ce_opp_stage_writeback()
returns trigger language plpgsql as $$
declare
  v_lead uuid; v_steg text; v_ny text; v_nu text;
begin
  select (c.custom->>'ce_lead_id')::uuid into v_lead
    from contacts c where c.id = new.contact_id and c.dedupe_key like 'ce:%';
  if v_lead is null then return new; end if;

  select name into v_steg from stages where id = new.stage_id;
  if v_steg is null then return new; end if;

  v_ny := ce_status_for(v_steg);
  select status into v_nu from ce_leads where id = v_lead;

  -- ""Het"" och ""Ny"" är båda status new. Flytt mellan dem ska inte skriva.
  if v_nu is distinct from v_ny then
    update ce_leads set status = v_ny, updated_at = now() where id = v_lead;
    insert into ce_lead_events (tenant_id, lead_id, event_type, from_status, to_status, actor, payload)
    select tenant_id, v_lead, 'status_changed', v_nu, v_ny, 'human',
           jsonb_build_object('via','crm-kanban','steg',v_steg)
    from ce_leads where id = v_lead;
  end if;
  return new;
end $$;

drop trigger if exists trg_ce_opp_writeback on opportunities;
create trigger trg_ce_opp_writeback
  after update of stage_id on opportunities
  for each row when (old.stage_id is distinct from new.stage_id)
  execute function ce_opp_stage_writeback();

comment on function ce_opp_stage_writeback is
  'Kanban-flytt skriver tillbaka till ce_leads.status. Skriver inget när status redan stämmer, vilket bryter loopen mot ce_leads_mirror_trg.';"
20260907125409,ce_crm_mirror_status_map,"-- contacts.status tillåter bara new/working/qualified/won/lost. Cold Experience har
-- fler lägen, så vi mappar in i deras vokabulär i stället för att ändra deras tabell.
create or replace function ce_contact_status_for(p_status text)
returns text language sql immutable as $$
  select case p_status
    when 'new'             then 'new'
    when 'in_conversation' then 'working'
    when 'qualifying'      then 'working'
    when 'handed_off'      then 'qualified'
    when 'booked'          then 'won'
    when 'paid'            then 'won'
    when 'cold'            then 'lost'
    when 'lost'            then 'lost'
    else 'new'
  end;
$$;

create or replace function ce_mirror_lead(p_lead_id uuid)
returns void language plpgsql as $$
declare
  l record; v_customer uuid; v_pipeline uuid; v_stage uuid; v_contact uuid;
  v_intent text; v_titel text; v_nyckel text;
begin
  select * into l from ce_lead_overview where id = p_lead_id;
  if not found then return; end if;

  select id into v_customer from customers where site_tenant_id = l.tenant_id limit 1;
  select id into v_pipeline from pipelines where name like 'Cold Experience%' limit 1;
  if v_customer is null or v_pipeline is null then return; end if;

  v_intent := coalesce(l.intent, 'unknown');
  v_nyckel := 'ce:' || l.id::text;
  select id into v_stage from stages
    where pipeline_id = v_pipeline and name = ce_stage_for(l.status, v_intent) limit 1;

  insert into contacts (customer_id, tenant_id, name, email, phone, source, status, dedupe_key, tags, custom)
  values (
    v_customer, l.tenant_id,
    coalesce(nullif(l.name,''), 'Okänt namn'), l.email, l.phone,
    'cold_experience', ce_contact_status_for(l.status), v_nyckel,
    array_remove(array[
      'cold-experience',
      case when l.country is not null then 'land:'  || lower(l.country) end,
      case when l.channel is not null then 'kanal:' || l.channel end,
      case when l.intent  is not null then 'vill:'  || l.intent end,
      case when not l.answered then 'obesvarad' end
    ], null),
    jsonb_strip_nulls(jsonb_build_object(
      'ce_lead_id', l.id, 'ce_channel', l.channel, 'ce_intent', l.intent,
      'ce_country', l.country, 'ce_message', l.guest_message,
      'ce_last_inbound', l.last_inbound_body, 'ce_received_at', l.received_at,
      'ce_answered', l.answered, 'ce_messages_in', l.messages_in, 'ce_messages_out', l.messages_out,
      'ce_travel_when', l.travel_when, 'ce_days', l.days, 'ce_adults', l.adults,
      'ce_departure', l.departure, 'ce_price_eur', l.price_quoted_eur,
      'ce_callback', l.callback_window, 'ce_ad_name', l.ad_name,
      'ce_status', l.status,
      'ce_form', (select qualification->'form' from ce_leads where id = l.id)
    ))
  )
  on conflict (dedupe_key) where dedupe_key is not null do update set
    name = excluded.name, email = excluded.email, phone = excluded.phone,
    status = excluded.status, tags = excluded.tags, custom = excluded.custom,
    updated_at = now()
  returning id into v_contact;

  if v_contact is null then
    select id into v_contact from contacts where dedupe_key = v_nyckel;
  end if;
  if v_contact is null then return; end if;

  v_titel := coalesce(nullif(l.name,''), 'Okänt namn')
             || case when l.days is not null then ' · ' || l.days || ' dagar' else '' end;

  if exists (select 1 from opportunities where contact_id = v_contact and pipeline_id = v_pipeline) then
    update opportunities set
      stage_id = v_stage, title = v_titel,
      status = case when l.status='booked' then 'won'
                    when l.status in ('cold','lost') then 'lost' else 'open' end,
      updated_at = now()
    where contact_id = v_contact and pipeline_id = v_pipeline;
  else
    insert into opportunities (contact_id, pipeline_id, stage_id, customer_id, tenant_id, title, status)
    values (v_contact, v_pipeline, v_stage, v_customer, l.tenant_id, v_titel,
            case when l.status='booked' then 'won'
                 when l.status in ('cold','lost') then 'lost' else 'open' end);
  end if;
end $$;"
20260907125555,ce_crm_mirror_respect_status_model,"-- Rättelse. Systemet har redan en statusmodell (new, contacted, in_conversation,
-- qualifying, hot, handed_off, booked, paid, cold, nurture, opted_out) och en graf
-- över tillåtna övergångar i ce_valid_transition. Pipelinens steg är byggda mot den.
-- Första speglingen uppfann en egen mappning. Den här följer deras.

create or replace function ce_stage_for(p_status text, p_hot boolean)
returns text language sql immutable as $$
  select case
    when p_status in ('cold','nurture','opted_out','lost')      then 'Avböjt'
    when p_status = 'paid'                                      then 'Betald'
    when p_status = 'booked'                                    then 'Bokad'
    when p_status = 'handed_off'                                then 'Överlämnad'
    when p_status = 'hot'                                       then 'Het'
    -- Formulärleads som svarat ja stämplas med hot_at men behåller status 'new',
    -- eftersom new -> hot inte är en tillåten övergång. De hör ändå hemma i Het:
    -- det är Gustavs ringlista.
    when p_hot and p_status in ('new','contacted','in_conversation','qualifying') then 'Het'
    when p_status in ('contacted','in_conversation','qualifying') then 'Kvalificerad'
    else 'Ny'
  end;
$$;

create or replace function ce_status_for(p_stage text)
returns text language sql immutable as $$
  select case p_stage
    when 'Avböjt'       then 'cold'
    when 'Betald'       then 'paid'
    when 'Bokad'        then 'booked'
    when 'Överlämnad'   then 'handed_off'
    when 'Het'          then 'hot'
    when 'Kvalificerad' then 'in_conversation'
    else 'new'
  end;
$$;

-- Speglingen använder hot_at, inte intent, för att avgöra Het.
create or replace function ce_mirror_lead(p_lead_id uuid)
returns void language plpgsql as $$
declare
  l record; v_customer uuid; v_pipeline uuid; v_stage uuid; v_contact uuid;
  v_titel text; v_nyckel text; v_hot boolean;
begin
  select * into l from ce_lead_overview where id = p_lead_id;
  if not found then return; end if;

  select id into v_customer from customers where site_tenant_id = l.tenant_id limit 1;
  select id into v_pipeline from pipelines where name like 'Cold Experience%' limit 1;
  if v_customer is null or v_pipeline is null then return; end if;

  v_hot := l.hot_at is not null;
  v_nyckel := 'ce:' || l.id::text;
  select s.id into v_stage from stages s
    where s.pipeline_id = v_pipeline and s.name = ce_stage_for(l.status, v_hot) limit 1;

  insert into contacts (customer_id, tenant_id, name, email, phone, source, status, dedupe_key, tags, custom)
  values (
    v_customer, l.tenant_id,
    coalesce(nullif(l.name,''), 'Okänt namn'), l.email, l.phone,
    'cold_experience', ce_contact_status_for(l.status), v_nyckel,
    array_remove(array[
      'cold-experience',
      case when l.country is not null then 'land:'  || lower(l.country) end,
      case when l.channel is not null then 'kanal:' || l.channel end,
      case when l.intent  is not null then 'vill:'  || l.intent end,
      case when not l.answered then 'obesvarad' end
    ], null),
    jsonb_strip_nulls(jsonb_build_object(
      'ce_lead_id', l.id, 'ce_channel', l.channel, 'ce_intent', l.intent,
      'ce_country', l.country, 'ce_message', l.guest_message,
      'ce_last_inbound', l.last_inbound_body, 'ce_received_at', l.received_at,
      'ce_answered', l.answered, 'ce_messages_in', l.messages_in, 'ce_messages_out', l.messages_out,
      'ce_travel_when', l.travel_when, 'ce_days', l.days, 'ce_adults', l.adults,
      'ce_departure', l.departure, 'ce_price_eur', l.price_quoted_eur,
      'ce_callback', l.callback_window, 'ce_ad_name', l.ad_name, 'ce_status', l.status,
      'ce_form', (select qualification->'form' from ce_leads where id = l.id)
    ))
  )
  on conflict (dedupe_key) where dedupe_key is not null do update set
    name = excluded.name, email = excluded.email, phone = excluded.phone,
    status = excluded.status, tags = excluded.tags, custom = excluded.custom,
    updated_at = now()
  returning id into v_contact;

  if v_contact is null then select id into v_contact from contacts where dedupe_key = v_nyckel; end if;
  if v_contact is null then return; end if;

  v_titel := coalesce(nullif(l.name,''), 'Okänt namn')
             || case when l.days is not null then ' · ' || l.days || ' dagar' else '' end;

  if exists (select 1 from opportunities where contact_id = v_contact and pipeline_id = v_pipeline) then
    update opportunities set stage_id = v_stage, title = v_titel,
      status = case when l.status='booked' then 'won'
                    when l.status in ('cold','lost','opted_out') then 'lost' else 'open' end,
      updated_at = now()
    where contact_id = v_contact and pipeline_id = v_pipeline;
  else
    insert into opportunities (contact_id, pipeline_id, stage_id, customer_id, tenant_id, title, status)
    values (v_contact, v_pipeline, v_stage, v_customer, l.tenant_id, v_titel,
            case when l.status='booked' then 'won'
                 when l.status in ('cold','lost','opted_out') then 'lost' else 'open' end);
  end if;
end $$;

-- Skrivning tillbaka, nu som BEFORE UPDATE så en otillåten flytt kan nekas snyggt
-- i stället för att kasta ett fel mitt i dra-och-släpp.
drop trigger if exists trg_ce_opp_writeback on opportunities;

create or replace function ce_opp_stage_writeback()
returns trigger language plpgsql as $$
declare v_lead uuid; v_steg text; v_ny text; v_nu text;
begin
  select (c.custom->>'ce_lead_id')::uuid into v_lead
    from contacts c where c.id = new.contact_id and c.dedupe_key like 'ce:%';
  if v_lead is null then return new; end if;

  select name into v_steg from stages where id = new.stage_id;
  if v_steg is null then return new; end if;

  v_ny := ce_status_for(v_steg);
  select status into v_nu from ce_leads where id = v_lead;

  if v_nu is not distinct from v_ny then return new; end if;

  -- Respektera systemets egen övergångsgraf. Är flytten otillåten snäpper
  -- kortet tillbaka i stället för att spränga uppdateringen.
  if not ce_valid_transition(v_nu, v_ny) then
    raise warning 'CE: otillåten flytt % -> % (lead %), kortet snappar tillbaka', v_nu, v_ny, v_lead;
    new.stage_id := old.stage_id;
    return new;
  end if;

  update ce_leads set status = v_ny, updated_at = now() where id = v_lead;
  insert into ce_lead_events (tenant_id, lead_id, event_type, from_status, to_status, actor, payload)
  select tenant_id, v_lead, 'status_changed', v_nu, v_ny, 'human',
         jsonb_build_object('via','crm-kanban','steg',v_steg)
  from ce_leads where id = v_lead;
  return new;
end $$;

create trigger trg_ce_opp_writeback
  before update of stage_id on opportunities
  for each row when (old.stage_id is distinct from new.stage_id)
  execute function ce_opp_stage_writeback();"
20260907125642,ce_crm_mirror_loop_guard,"-- Speglingen uppdaterar opportunities, vilket väckte tillbakaskrivningen, som
-- uppdaterade ce_leads, som väckte speglingen igen. Postgres stoppade det med
-- ""tuple already modified"". Flaggan gör riktningen entydig: när vi speglar
-- NEDÅT (ce_leads -> CRM) ska tillbakaskrivningen hålla tyst.

create or replace function ce_mirroring()
returns boolean language sql stable as $$
  select coalesce(current_setting('ce.mirroring', true), '0') = '1';
$$;

create or replace function ce_opp_stage_writeback()
returns trigger language plpgsql as $$
declare v_lead uuid; v_steg text; v_ny text; v_nu text;
begin
  -- Flytten kommer från speglingen själv, inte från en människa som drog ett kort.
  if ce_mirroring() then return new; end if;

  select (c.custom->>'ce_lead_id')::uuid into v_lead
    from contacts c where c.id = new.contact_id and c.dedupe_key like 'ce:%';
  if v_lead is null then return new; end if;

  select name into v_steg from stages where id = new.stage_id;
  if v_steg is null then return new; end if;

  v_ny := ce_status_for(v_steg);
  select status into v_nu from ce_leads where id = v_lead;
  if v_nu is not distinct from v_ny then return new; end if;

  if not ce_valid_transition(v_nu, v_ny) then
    raise warning 'CE: otillåten flytt % -> % (lead %), kortet snappar tillbaka', v_nu, v_ny, v_lead;
    new.stage_id := old.stage_id;
    return new;
  end if;

  update ce_leads set status = v_ny, updated_at = now() where id = v_lead;
  insert into ce_lead_events (tenant_id, lead_id, event_type, from_status, to_status, actor, payload)
  select tenant_id, v_lead, 'status_changed', v_nu, v_ny, 'human',
         jsonb_build_object('via','crm-kanban','steg',v_steg)
  from ce_leads where id = v_lead;
  return new;
end $$;

create or replace function ce_mirror_lead(p_lead_id uuid)
returns void language plpgsql as $$
declare
  l record; v_customer uuid; v_pipeline uuid; v_stage uuid; v_contact uuid;
  v_titel text; v_nyckel text; v_hot boolean; v_forra text;
begin
  select * into l from ce_lead_overview where id = p_lead_id;
  if not found then return; end if;

  select id into v_customer from customers where site_tenant_id = l.tenant_id limit 1;
  select id into v_pipeline from pipelines where name like 'Cold Experience%' limit 1;
  if v_customer is null or v_pipeline is null then return; end if;

  v_forra := coalesce(current_setting('ce.mirroring', true), '0');
  perform set_config('ce.mirroring', '1', true);

  v_hot := l.hot_at is not null;
  v_nyckel := 'ce:' || l.id::text;
  select s.id into v_stage from stages s
    where s.pipeline_id = v_pipeline and s.name = ce_stage_for(l.status, v_hot) limit 1;

  insert into contacts (customer_id, tenant_id, name, email, phone, source, status, dedupe_key, tags, custom)
  values (
    v_customer, l.tenant_id,
    coalesce(nullif(l.name,''), 'Okänt namn'), l.email, l.phone,
    'cold_experience', ce_contact_status_for(l.status), v_nyckel,
    array_remove(array[
      'cold-experience',
      case when l.country is not null then 'land:'  || lower(l.country) end,
      case when l.channel is not null then 'kanal:' || l.channel end,
      case when l.intent  is not null then 'vill:'  || l.intent end,
      case when not l.answered then 'obesvarad' end
    ], null),
    jsonb_strip_nulls(jsonb_build_object(
      'ce_lead_id', l.id, 'ce_channel', l.channel, 'ce_intent', l.intent,
      'ce_country', l.country, 'ce_message', l.guest_message,
      'ce_last_inbound', l.last_inbound_body, 'ce_received_at', l.received_at,
      'ce_answered', l.answered, 'ce_messages_in', l.messages_in, 'ce_messages_out', l.messages_out,
      'ce_travel_when', l.travel_when, 'ce_days', l.days, 'ce_adults', l.adults,
      'ce_departure', l.departure, 'ce_price_eur', l.price_quoted_eur,
      'ce_callback', l.callback_window, 'ce_ad_name', l.ad_name, 'ce_status', l.status,
      'ce_form', (select qualification->'form' from ce_leads where id = l.id)
    ))
  )
  on conflict (dedupe_key) where dedupe_key is not null do update set
    name = excluded.name, email = excluded.email, phone = excluded.phone,
    status = excluded.status, tags = excluded.tags, custom = excluded.custom,
    updated_at = now()
  returning id into v_contact;

  if v_contact is null then select id into v_contact from contacts where dedupe_key = v_nyckel; end if;

  if v_contact is not null then
    v_titel := coalesce(nullif(l.name,''), 'Okänt namn')
               || case when l.days is not null then ' · ' || l.days || ' dagar' else '' end;

    if exists (select 1 from opportunities where contact_id = v_contact and pipeline_id = v_pipeline) then
      update opportunities set stage_id = v_stage, title = v_titel,
        status = case when l.status='booked' then 'won'
                      when l.status in ('cold','lost','opted_out') then 'lost' else 'open' end,
        updated_at = now()
      where contact_id = v_contact and pipeline_id = v_pipeline
        and (stage_id is distinct from v_stage or title is distinct from v_titel);
    else
      insert into opportunities (contact_id, pipeline_id, stage_id, customer_id, tenant_id, title, status)
      values (v_contact, v_pipeline, v_stage, v_customer, l.tenant_id, v_titel,
              case when l.status='booked' then 'won'
                   when l.status in ('cold','lost','opted_out') then 'lost' else 'open' end);
    end if;
  end if;

  perform set_config('ce.mirroring', v_forra, true);
end $$;"
20260907125721,ce_crm_writeback_walk_graph,"-- Korten i Het har status 'new' (formulärleads stämplas hot_at men får inte gå
-- new -> hot). Drar Gustav ett sådant kort till Överlämnad är den direkta
-- övergången otillåten, trots att vägen new -> in_conversation -> handed_off är det.
-- I stället för att neka flytten går vi via mellansteget. Varje enskild övergång
-- valideras fortfarande av systemets egen ce_valid_transition.

create or replace function ce_opp_stage_writeback()
returns trigger language plpgsql as $$
declare
  v_lead uuid; v_steg text; v_mal text; v_nu text; v_via text;
  KANDIDATER text[] := array['contacted','in_conversation','qualifying','hot','handed_off'];
begin
  if ce_mirroring() then return new; end if;

  select (c.custom->>'ce_lead_id')::uuid into v_lead
    from contacts c where c.id = new.contact_id and c.dedupe_key like 'ce:%';
  if v_lead is null then return new; end if;

  select name into v_steg from stages where id = new.stage_id;
  if v_steg is null then return new; end if;

  v_mal := ce_status_for(v_steg);
  select status into v_nu from ce_leads where id = v_lead;
  if v_nu is not distinct from v_mal then return new; end if;

  if ce_valid_transition(v_nu, v_mal) then
    update ce_leads set status = v_mal, updated_at = now() where id = v_lead;
    insert into ce_lead_events (tenant_id, lead_id, event_type, from_status, to_status, actor, payload)
    select tenant_id, v_lead, 'status_changed', v_nu, v_mal, 'human',
           jsonb_build_object('via','crm-kanban','steg',v_steg)
    from ce_leads where id = v_lead;
    return new;
  end if;

  -- Ett hopp räcker nästan alltid: hitta ett mellanläge som är lagligt åt båda hållen.
  select k into v_via from unnest(KANDIDATER) k
   where k <> v_nu and k <> v_mal
     and ce_valid_transition(v_nu, k) and ce_valid_transition(k, v_mal)
   limit 1;

  if v_via is null then
    raise warning 'CE: ingen laglig väg % -> % (lead %), kortet snappar tillbaka', v_nu, v_mal, v_lead;
    new.stage_id := old.stage_id;
    return new;
  end if;

  update ce_leads set status = v_via, updated_at = now() where id = v_lead;
  insert into ce_lead_events (tenant_id, lead_id, event_type, from_status, to_status, actor, payload)
  select tenant_id, v_lead, 'status_changed', v_nu, v_via, 'human',
         jsonb_build_object('via','crm-kanban','steg',v_steg,'mellansteg',true)
  from ce_leads where id = v_lead;

  update ce_leads set status = v_mal, updated_at = now() where id = v_lead;
  insert into ce_lead_events (tenant_id, lead_id, event_type, from_status, to_status, actor, payload)
  select tenant_id, v_lead, 'status_changed', v_via, v_mal, 'human',
         jsonb_build_object('via','crm-kanban','steg',v_steg)
  from ce_leads where id = v_lead;

  return new;
end $$;"
20260907125759,ce_crm_writeback_guard_both_ways,"-- Flaggan skyddade bara ena riktningen. Tillbakaskrivningen uppdaterade ce_leads,
-- vilket väckte speglingen, som ville röra samma opportunities-rad som just då
-- uppdaterades i en BEFORE-trigger. Nu tystar flaggan speglingen åt båda håll,
-- och kortets nya läge sätts ändå av new.stage_id som användaren valde.

create or replace function ce_leads_mirror_trg()
returns trigger language plpgsql as $$
begin
  if ce_mirroring() then return new; end if;
  perform ce_mirror_lead(new.id);
  return new;
end $$;

create or replace function ce_opp_stage_writeback()
returns trigger language plpgsql as $$
declare
  v_lead uuid; v_steg text; v_mal text; v_nu text; v_via text; v_forra text;
  KANDIDATER text[] := array['contacted','in_conversation','qualifying','hot','handed_off'];
begin
  if ce_mirroring() then return new; end if;

  select (c.custom->>'ce_lead_id')::uuid into v_lead
    from contacts c where c.id = new.contact_id and c.dedupe_key like 'ce:%';
  if v_lead is null then return new; end if;

  select name into v_steg from stages where id = new.stage_id;
  if v_steg is null then return new; end if;

  v_mal := ce_status_for(v_steg);
  select status into v_nu from ce_leads where id = v_lead;
  if v_nu is not distinct from v_mal then return new; end if;

  if not ce_valid_transition(v_nu, v_mal) then
    select k into v_via from unnest(KANDIDATER) k
     where k <> v_nu and k <> v_mal
       and ce_valid_transition(v_nu, k) and ce_valid_transition(k, v_mal)
     limit 1;
    if v_via is null then
      raise warning 'CE: ingen laglig väg % -> % (lead %), kortet snappar tillbaka', v_nu, v_mal, v_lead;
      new.stage_id := old.stage_id;
      return new;
    end if;
  end if;

  -- Tysta speglingen medan vi skriver, annars vill den röra kortet vi står i.
  v_forra := coalesce(current_setting('ce.mirroring', true), '0');
  perform set_config('ce.mirroring', '1', true);

  if v_via is not null then
    update ce_leads set status = v_via, updated_at = now() where id = v_lead;
    insert into ce_lead_events (tenant_id, lead_id, event_type, from_status, to_status, actor, payload)
    select tenant_id, v_lead, 'status_changed', v_nu, v_via, 'human',
           jsonb_build_object('via','crm-kanban','steg',v_steg,'mellansteg',true)
    from ce_leads where id = v_lead;
    v_nu := v_via;
  end if;

  update ce_leads set status = v_mal, updated_at = now() where id = v_lead;
  insert into ce_lead_events (tenant_id, lead_id, event_type, from_status, to_status, actor, payload)
  select tenant_id, v_lead, 'status_changed', v_nu, v_mal, 'human',
         jsonb_build_object('via','crm-kanban','steg',v_steg)
  from ce_leads where id = v_lead;

  perform set_config('ce.mirroring', v_forra, true);

  -- Håll kontaktens statusfält i takt utan att gå via speglingen.
  update contacts set status = ce_contact_status_for(v_mal),
                      custom = jsonb_set(coalesce(custom,'{}'::jsonb), '{ce_status}', to_jsonb(v_mal)),
                      updated_at = now()
  where id = new.contact_id;

  return new;
end $$;"
20260907134831,ce_messages_mirror,"-- Speglar ce_messages till messages så den befintliga ConversationInbox visar
-- tråden. Kopplingen till kontakten går via metadata->>'contact_id', samma väg
-- som de befintliga meddelandena använder.

create unique index if not exists messages_ce_ref_uidx
  on messages ((metadata->>'ce_message_id')) where metadata ? 'ce_message_id';

create or replace function ce_mirror_message(p_msg_id uuid)
returns void language plpgsql as $$
declare m record; v_contact uuid; v_customer uuid;
begin
  select * into m from ce_messages where id = p_msg_id;
  if not found or m.lead_id is null then return; end if;

  select c.id, c.customer_id into v_contact, v_customer
    from contacts c where c.dedupe_key = 'ce:' || m.lead_id::text;
  if v_contact is null then return; end if;

  insert into messages (customer_id, conversation_id, role, channel, direction,
                        content, status, provider_message_id, metadata, created_at)
  values (
    v_customer, m.conversation_id,
    case when m.direction = 'inbound' then 'user' else 'assistant' end,
    m.channel, m.direction,
    coalesce(m.body, ''), m.status, m.external_id,
    jsonb_build_object(
      'contact_id',    v_contact,
      'ce_message_id', m.id,
      'ce_lead_id',    m.lead_id,
      'sender',        m.sender
    ),
    m.created_at
  )
  on conflict ((metadata->>'ce_message_id')) where metadata ? 'ce_message_id'
  do update set content = excluded.content, status = excluded.status, metadata = excluded.metadata;
end $$;

create or replace function ce_msg_mirror_trg()
returns trigger language plpgsql as $$
begin
  if new.lead_id is not null then
    perform ce_mirror_lead(new.lead_id);   -- kortet: obesvarad, antal
    perform ce_mirror_message(new.id);     -- tråden
  end if;
  return new;
end $$;

comment on function ce_mirror_message is
  'Projicerar ett ce_messages-rad till messages så ConversationInbox hittar den. Idempotent på metadata->>ce_message_id.';"
20260907134902,messages_allow_messenger_channel,"-- messages.channel tillät chat, voice, email, sms, whatsapp, webhook, instagram.
-- Messenger saknades trots att instagram, dess syskonkanal hos Meta, redan fanns.
-- Additiv ändring: inga befintliga rader påverkas.
alter table messages drop constraint messages_channel_check;
alter table messages add constraint messages_channel_check
  check (channel = any (array['chat','voice','email','sms','whatsapp','messenger','webhook','instagram']));"
20260907135240,ce_stage_het_is_a_call_list,"-- Testet visade att ett hett lead stannade i Het även efter att agenten börjat
-- prata med det. Fel för Gustavs arbetssätt: Het ska vara ringlistan, alltså heta
-- leads som INGEN engagerat än. Så fort en konversation är igång hör kortet hemma
-- i Kvalificerad, för då sköter agenten det och Gustav ska inte ringa förbi.
create or replace function ce_stage_for(p_status text, p_hot boolean)
returns text language sql immutable as $$
  select case
    when p_status in ('cold','nurture','opted_out','lost')       then 'Avböjt'
    when p_status = 'paid'                                       then 'Betald'
    when p_status = 'booked'                                     then 'Bokad'
    when p_status = 'handed_off'                                 then 'Överlämnad'
    when p_status = 'hot'                                        then 'Het'
    when p_status in ('in_conversation','qualifying')            then 'Kvalificerad'
    -- Formulärleads som svarat ja stämplas hot_at men behåller status 'new',
    -- eftersom new -> hot inte är en tillåten övergång. De är ringlistan.
    when p_hot and p_status in ('new','contacted')               then 'Het'
    when p_status = 'contacted'                                  then 'Kvalificerad'
    else 'Ny'
  end;
$$;

-- Spegla om alla med den nya regeln.
do $$
declare r record;
begin
  for r in select id from ce_lead_overview loop perform ce_mirror_lead(r.id); end loop;
end $$;"
20260907204858,ce_leads_channel_web,"-- Ett lead fran ett webbformular har ingen konversationskanal. Att skriva 'email'
-- pastar att gasten mejlat, och bredvid Meta-leadsen dar kanalen faktiskt ar
-- ursprunget blir det direkt missvisande. 'web' sager sanningen: formularet pa
-- sajten. E-post och telefon star redan var for sig pa kortet.
-- Additivt: inget befintligt varde tas bort.
alter table ce_leads drop constraint ce_leads_channel_check;
alter table ce_leads add constraint ce_leads_channel_check
  check (channel = any (array['whatsapp','messenger','sms','email','web','other']));"
20260907205417,tmp_migrations_dump_for_backfill,"-- Tillfallig. Enda syftet ar att kunna skriva ner migrationerna till repot fran
-- Joakims egen dator utan att de passerar nagon mellanhand. Droppas direkt efterat.
-- Endast service_role far kora den; anon och authenticated far uttryckligen inte.
create or replace function public.__migrations_dump()
returns table (version text, name text, sql text, md5 text)
language sql
security definer
set search_path = supabase_migrations, public
as $$
  select m.version,
         m.name,
         array_to_string(m.statements, E';\n\n') || ';',
         md5(array_to_string(m.statements, E';\n\n') || ';')
  from supabase_migrations.schema_migrations m
  order by m.version
$$;

revoke all on function public.__migrations_dump() from public, anon, authenticated;
grant execute on function public.__migrations_dump() to service_role;"
20260907205443,tmp_migrations_dump_dropped,"-- Backfillen ar klar. Hjalpfunktionen har ingen plats i schemat langre.
drop function if exists public.__migrations_dump();"
20260908141005,ce_msg_mirror_on_update,"-- Tyst datafel: trg_ce_msg_mirror körde bara vid INSERT, så en status som gick
-- från sent till delivered/read, eller en kropp som fylldes i efterhand, nådde
-- aldrig kortet. Samma mönster som trg_ce_msg_windows redan använder.
drop trigger if exists trg_ce_msg_mirror on public.ce_messages;

create trigger trg_ce_msg_mirror
after insert or update of status, body, external_id, conversation_id, lead_id
on public.ce_messages
for each row execute function public.ce_msg_mirror_trg();"
20260908150249,ce_mirror_lead_merge_custom,"-- ce_mirror_lead skrev ""custom = excluded.custom"", alltså HELA objektet.
-- Spegeln äger bara ce_*-nycklarna; dm_hook (mejlutkasten) och ce_subject bor på
-- samma ställe men skrivs av annat. Ett enda inkommande meddelande hade därför
-- raderat gästens eget utkast mitt i sekvensen, tyst.
--
-- Nu slås objekten ihop med högersidan vinnande: spegelns nycklar uppdateras,
-- allt annat på kortet överlever. Priset är att ett fält som TÖMS på leaden
-- ligger kvar med sitt gamla värde, eftersom jsonb_strip_nulls tar bort nyckeln
-- i stället för att sätta den till null. Det är rätt håll att fela åt: ett
-- inaktuellt fält syns och kan rättas, ett raderat utkast är borta.
create or replace function public.ce_mirror_lead(p_lead_id uuid)
 returns void
 language plpgsql
as $function$
declare
  l record; v_customer uuid; v_pipeline uuid; v_stage uuid; v_contact uuid;
  v_titel text; v_nyckel text; v_hot boolean; v_forra text;
begin
  select * into l from ce_lead_overview where id = p_lead_id;
  if not found then return; end if;

  select id into v_customer from customers where site_tenant_id = l.tenant_id limit 1;
  select id into v_pipeline from pipelines where name like 'Cold Experience%' limit 1;
  if v_customer is null or v_pipeline is null then return; end if;

  v_forra := coalesce(current_setting('ce.mirroring', true), '0');
  perform set_config('ce.mirroring', '1', true);

  v_hot := l.hot_at is not null;
  v_nyckel := 'ce:' || l.id::text;
  select s.id into v_stage from stages s
    where s.pipeline_id = v_pipeline and s.name = ce_stage_for(l.status, v_hot) limit 1;

  insert into contacts (customer_id, tenant_id, name, email, phone, source, status, dedupe_key, tags, custom)
  values (
    v_customer, l.tenant_id,
    coalesce(nullif(l.name,''), 'Okänt namn'), l.email, l.phone,
    'cold_experience', ce_contact_status_for(l.status), v_nyckel,
    array_remove(array[
      'cold-experience',
      case when l.country is not null then 'land:'  || lower(l.country) end,
      case when l.channel is not null then 'kanal:' || l.channel end,
      case when l.intent  is not null then 'vill:'  || l.intent end,
      case when not l.answered then 'obesvarad' end
    ], null),
    jsonb_strip_nulls(jsonb_build_object(
      'ce_lead_id', l.id, 'ce_channel', l.channel, 'ce_intent', l.intent,
      'ce_country', l.country, 'ce_message', l.guest_message,
      'ce_last_inbound', l.last_inbound_body, 'ce_received_at', l.received_at,
      'ce_answered', l.answered, 'ce_messages_in', l.messages_in, 'ce_messages_out', l.messages_out,
      'ce_travel_when', l.travel_when, 'ce_days', l.days, 'ce_adults', l.adults,
      'ce_departure', l.departure, 'ce_price_eur', l.price_quoted_eur,
      'ce_callback', l.callback_window, 'ce_ad_name', l.ad_name, 'ce_status', l.status,
      'ce_form', (select qualification->'form' from ce_leads where id = l.id)
    ))
  )
  on conflict (dedupe_key) where dedupe_key is not null do update set
    name = excluded.name, email = excluded.email, phone = excluded.phone,
    status = excluded.status, tags = excluded.tags,
    custom = coalesce(contacts.custom, '{}'::jsonb) || excluded.custom,
    updated_at = now()
  returning id into v_contact;

  if v_contact is null then select id into v_contact from contacts where dedupe_key = v_nyckel; end if;

  if v_contact is not null then
    v_titel := coalesce(nullif(l.name,''), 'Okänt namn')
               || case when l.days is not null then ' · ' || l.days || ' dagar' else '' end;

    if exists (select 1 from opportunities where contact_id = v_contact and pipeline_id = v_pipeline) then
      update opportunities set stage_id = v_stage, title = v_titel,
        status = case when l.status='booked' then 'won'
                      when l.status in ('cold','lost','opted_out') then 'lost' else 'open' end,
        updated_at = now()
      where contact_id = v_contact and pipeline_id = v_pipeline
        and (stage_id is distinct from v_stage or title is distinct from v_titel);
    else
      insert into opportunities (contact_id, pipeline_id, stage_id, customer_id, tenant_id, title, status)
      values (v_contact, v_pipeline, v_stage, v_customer, l.tenant_id, v_titel,
              case when l.status='booked' then 'won'
                   when l.status in ('cold','lost','opted_out') then 'lost' else 'open' end);
    end if;
  end if;

  perform set_config('ce.mirroring', v_forra, true);
end $function$;"
20260908151555,ce_stage_hot_beats_conversation,"-- Het låg efter Kvalificerad i vyn, men regeln kollade status före hetstämpel.
-- Ett hett lead flyttade sig alltså BAKÅT så fort en konversation startade.
-- Med en kund idag är det ett kort. Med WhatsApp igång är det varje het gäst
-- som svarar roboten, och Gustavs ringlista hade tömt sig själv precis när
-- leadsen började engagera sig.
--
-- Hetstämpeln väger nu tyngre än en pågående konversation, men aldrig tyngre än
-- ett avslut: avböjt, bokat, betalt och överlämnat ligger kvar över den.
create or replace function public.ce_stage_for(p_status text, p_hot boolean)
 returns text
 language sql
 immutable
as $function$
  select case
    when p_status in ('cold','nurture','opted_out','lost')       then 'Avböjt'
    when p_status = 'paid'                                       then 'Betald'
    when p_status = 'booked'                                     then 'Bokad'
    when p_status = 'handed_off'                                 then 'Överlämnad'
    when p_status = 'hot'                                        then 'Het'
    -- Het är Gustavs ringlista. En gäst som sagt ja i formuläret ligger kvar
    -- där tills hon lämnas över eller tackar nej, oavsett om roboten under
    -- tiden pratar med henne. Formulärleads stämplas hot_at men behåller
    -- status 'new', eftersom new -> hot inte är en tillåten övergång.
    when p_hot                                                   then 'Het'
    when p_status in ('in_conversation','qualifying','contacted') then 'Kvalificerad'
    else 'Ny'
  end;
$function$;

-- Den gamla överlagringen på (text, text) användes bara av migrationer som
-- redan är ersatta. Två funktioner med samma namn som skiljer sig på
-- argumenttyp är en fälla: ett anrop med en intent-sträng hade tyst valt fel.
drop function if exists public.ce_stage_for(text, text);"
20260908152853,ce_stage_restore_call_list,"-- Återställer regeln från 20260907135240. Den tidigare migrationen idag
-- (20260908151555) vände på prioriteringen utan att känna till varför den såg
-- ut som den gjorde. Skälet står i scc-crm/references/crm-spegling.md:
--
--   ""Het är avsiktligt en ringlista och inte en fas. Så fort en konversation
--    startar flyttas kortet till Kvalificerad, annars ringer Gustav förbi en
--    gäst som agenten håller på med.""
--
-- Maskinen är alltså: Het = het och orörd av alla, Kvalificerad = roboten
-- kvalificerar, Överlämnad = Gustavs riktiga kö. Att Het ser full ut nu beror
-- bara på att autopiloten är av.
--
-- Det som faktiskt var trasigt var ETT kort: Jayeeta Dey sattes till
-- in_conversation av ett klick i CRM:et trots noll meddelanden. Hon står nu som
-- 'hot' och fångas av den första grenen, oberoende av den här regeln.
--
-- Borttagningen av den döda överlagringen ce_stage_for(text, text) i
-- 20260908151555 står kvar. Den hörde inte ihop med prioriteringen.
create or replace function public.ce_stage_for(p_status text, p_hot boolean)
 returns text
 language sql
 immutable
as $function$
  select case
    when p_status in ('cold','nurture','opted_out','lost')       then 'Avböjt'
    when p_status = 'paid'                                       then 'Betald'
    when p_status = 'booked'                                     then 'Bokad'
    when p_status = 'handed_off'                                 then 'Överlämnad'
    when p_status = 'hot'                                        then 'Het'
    when p_status in ('in_conversation','qualifying')            then 'Kvalificerad'
    -- Formulärleads som svarat ja stämplas hot_at men behåller status 'new',
    -- eftersom new -> hot inte är en tillåten övergång. De är ringlistan.
    when p_hot and p_status in ('new','contacted')               then 'Het'
    when p_status = 'contacted'                                  then 'Kvalificerad'
    else 'Ny'
  end;
$function$;"
20260908164655,ce_jobs_cron,"-- ce_jobs hade ingen klocka: kön kördes bara vid GET ?run_jobs=1 eller efter nästa inkommande
-- webhook, så ett utskick i lugn period låg tills nästa gäst hörde av sig. Nu tickar pg_cron var
-- femte minut och anropar båda funktionerna. Anropen är idempotenta (claim på status=pending).
-- 8 sep 2026.

create extension if not exists pg_cron with schema pg_catalog;
create extension if not exists pg_net with schema extensions;

select cron.unschedule(jobname) from cron.job where jobname in ('ce_agent_run_jobs','ce_leads_run_jobs');

select cron.schedule(
  'ce_agent_run_jobs',
  '*/5 * * * *',
  $$ select net.http_get(
       url := 'https://wfwqjxsuvbacvcmpiesl.supabase.co/functions/v1/ce-agent-webhook?run_jobs=1',
       headers := '{""Content-Type"":""application/json""}'::jsonb,
       timeout_milliseconds := 20000
     ); $$
);

select cron.schedule(
  'ce_leads_run_jobs',
  '2-59/5 * * * *',
  $$ select net.http_get(
       url := 'https://wfwqjxsuvbacvcmpiesl.supabase.co/functions/v1/meta-leads-webhook?run_jobs=1',
       headers := '{""Content-Type"":""application/json""}'::jsonb,
       timeout_milliseconds := 20000
     ); $$
);"
20260909075516,ce_account_events,"-- Kontohändelser från Meta/Dualhook som inte hör till ett lead: ACCOUNT_OFFBOARDED,
-- PARTNER_REMOVED, kvalitetsändringar på numret, okända payloads. Append-only,
-- bara service role läser och skriver (RLS på, inga policies, samma som ce_jobs).
create table if not exists public.ce_account_events (
  id          bigint generated always as identity primary key,
  tenant_id   uuid not null,
  source      text not null default 'whatsapp',   -- whatsapp | unknown_object
  field       text,                                -- account_update, phone_number_quality_update ...
  event       text not null,                       -- ACCOUNT_OFFBOARDED, PARTNER_REMOVED, unknown ...
  severity    text not null default 'info' check (severity in ('info','warn','alarm')),
  waba_id     text,
  phone       text,
  notified    jsonb not null default '{}'::jsonb,  -- {email: id|error, sms: id|error}
  payload     jsonb not null default '{}'::jsonb,
  created_at  timestamptz not null default now()
);
create index if not exists ce_account_events_created_idx on public.ce_account_events (tenant_id, created_at desc);
alter table public.ce_account_events enable row level security;

create or replace function public.ce_account_events_append_only() returns trigger
language plpgsql as $$
begin
  if tg_op = 'DELETE' and coalesce(current_setting('app.allow_event_purge', true), 'false') = 'true' then
    return old;
  end if;
  raise exception 'ce_account_events är append-only (försökte %). Hård radering kräver app.allow_event_purge.', tg_op;
end $$;

drop trigger if exists trg_ce_account_events_append_only on public.ce_account_events;
create trigger trg_ce_account_events_append_only
  before update or delete on public.ce_account_events
  for each row execute function public.ce_account_events_append_only();"
20260909113549,agent_memory_sync,"-- Agentens eget långtidsminne, speglat från maskinen där OpenClaw kör.
--
-- Källan är arbetskatalogen ~/clawd: MEMORY.md (kurerat långtidsminne) och
-- memory/YYYY-MM-DD.md (dagliga sammanfattningar som compaction.memoryFlush
-- skriver när en session närmar sig tokentaket). Filerna ligger på VPS:en,
-- SCC:s backend kör på Render, och därför kunde dashboarden aldrig se dem.
-- scripts/sync_memory.sh på VPS:en skriver hit; SCC läser bara.
--
-- Spegling, inte källa: en rad som försvunnit ur katalogen markeras deleted_at
-- i stället för att raderas, så att historik inte tappas om ett skript felar.
create table if not exists public.agent_memory (
  id          uuid primary key default gen_random_uuid(),
  host        text not null,                       -- vilken maskin synkade
  agent       text not null default 'main',
  kind        text not null check (kind in ('longterm', 'daily')),
  path        text not null,                       -- relativt arbetskatalogen
  title       text,                                -- rubrik eller datum
  content     text not null,
  content_sha text not null,                       -- hoppa över oförändrade filer
  bytes       integer not null default 0,
  file_mtime  timestamptz,
  deleted_at  timestamptz,
  synced_at   timestamptz not null default now(),
  created_at  timestamptz not null default now(),
  unique (host, agent, path)
);

create index if not exists agent_memory_levande_idx
  on public.agent_memory (agent, kind, file_mtime desc) where deleted_at is null;
create index if not exists agent_memory_sok_idx
  on public.agent_memory using gin (to_tsvector('simple', coalesce(title,'') || ' ' || content))
  where deleted_at is null;

alter table public.agent_memory enable row level security;

-- Håll synced_at färsk även när innehållet är oförändrat
create or replace function public.agent_memory_touch() returns trigger
language plpgsql as $$
begin
  new.synced_at := now();
  return new;
end $$;

drop trigger if exists trg_agent_memory_touch on public.agent_memory;
create trigger trg_agent_memory_touch
  before update on public.agent_memory
  for each row execute function public.agent_memory_touch();"
20260909165738,ad_performance,"-- Egna annonssiffror per kund. Konkurrentannonser ligger i ad_library;
-- det här är motsatsen: vad VÅRA annonser kostade och gav, per dag.

create table if not exists ad_accounts (
    id           uuid primary key default gen_random_uuid(),
    customer_id  uuid not null references customers(id) on delete cascade,
    platform     text not null default 'meta',
    account_id   text not null,          -- act_XXXXXXXXXX
    account_name text,
    currency     text,
    active       boolean not null default true,
    created_at   timestamptz not null default now(),
    updated_at   timestamptz not null default now(),
    unique (platform, account_id)
);
comment on table ad_accounts is
'Kopplar ett annonskonto till en kund. En kund kan ha flera konton, ett konto hör till exakt en kund.';

create table if not exists ad_performance (
    id             uuid primary key default gen_random_uuid(),
    customer_id    uuid not null references customers(id) on delete cascade,
    platform       text not null default 'meta',
    account_id     text not null,
    date           date not null,
    campaign_id    text,
    campaign_name  text,
    adset_id       text,
    adset_name     text,
    ad_id          text not null,
    ad_name        text,
    -- Pengar och räckvidd
    spend          numeric(12,2) not null default 0,
    currency       text,
    impressions    bigint not null default 0,
    reach          bigint,
    frequency      numeric(8,3),
    clicks         bigint not null default 0,
    link_clicks    bigint,
    -- Metas egna kvoter sparas som de kommer, så vi kan jämföra mot Ads Manager
    ctr            numeric(10,5),
    cpc            numeric(12,4),
    cpm            numeric(12,4),
    -- Videoräknare. Hook rate och hold rate räknas fram i vyn, inte här,
    -- eftersom definitionen ska gå att ändra utan att datat hämtas om.
    video_plays    bigint,
    video_3s       bigint,
    video_p25      bigint,
    video_p50      bigint,
    video_p75      bigint,
    video_p100     bigint,
    -- Resultat enligt kampanjmålet (leads, meddelanden, köp ...)
    results        bigint,
    result_type    text,
    cost_per_result numeric(12,4),
    raw            jsonb not null default '{}'::jsonb,
    fetched_at     timestamptz not null default now(),
    unique (platform, ad_id, date)
);
comment on table ad_performance is
'En rad per annons och dag. Unik på (platform, ad_id, date) så en omkörning uppdaterar i stället för att dubblera.';
comment on column ad_performance.raw is
'Metas obearbetade svar för raden. Sparas för att nya mått ska kunna räknas fram i efterhand utan ny hämtning.';

create index if not exists idx_ad_perf_kund_datum on ad_performance (customer_id, date desc);
create index if not exists idx_ad_perf_annons     on ad_performance (ad_id, date desc);
create index if not exists idx_ad_perf_kampanj    on ad_performance (campaign_id, date desc);

create table if not exists ad_targets (
    id          uuid primary key default gen_random_uuid(),
    customer_id uuid not null references customers(id) on delete cascade,
    -- Vad målet gäller. 'customer' är standardnivån; en kampanj eller enskild
    -- annons kan ha ett eget mål som slår kundens.
    scope       text not null default 'customer' check (scope in ('customer','campaign','ad')),
    scope_id    text,
    -- Taket för vad ett resultat får kosta. En Krav Maga-provträning och en
    -- Lapplandsresa kan inte dömas med samma linjal, därför per kund.
    target_cost numeric(12,2) not null,
    -- Ingen annons döms innan den spenderat så här mycket. Utan golv pausar
    -- man på brus: tre visningar och noll resultat är inte ett misslyckande.
    spend_floor numeric(12,2) not null default 0,
    -- Hur långt över målet som är gult innan det blir rött. 0.25 = 25 procent.
    yellow_margin numeric(5,3) not null default 0.25,
    currency    text not null default 'SEK',
    note        text,
    active      boolean not null default true,
    created_at  timestamptz not null default now(),
    updated_at  timestamptz not null default now()
);
comment on table ad_targets is
'Mål och spendgolv per kund. Flaggningen i ad_health läser härifrån.';

create unique index if not exists idx_ad_targets_scope
    on ad_targets (customer_id, scope, coalesce(scope_id, '')) where active;

drop trigger if exists trg_ad_accounts_updated_at on ad_accounts;
create trigger trg_ad_accounts_updated_at before update on ad_accounts
    for each row execute function set_updated_at();
drop trigger if exists trg_ad_targets_updated_at on ad_targets;
create trigger trg_ad_targets_updated_at before update on ad_targets
    for each row execute function set_updated_at();

alter table ad_accounts    enable row level security;
alter table ad_performance enable row level security;
alter table ad_targets     enable row level security;"
20260909165811,ad_health_view,"-- Flaggningen. Rullar upp de senaste 30 dagarna per annons, hämtar det mest
-- specifika målet som gäller (annons > kampanj > kund) och sätter en färg.
--
-- Grått betyder ""vet inte än"": annonsen har inte spenderat upp till golvet.
-- Det är avsiktligt skilt från rött. Att pausa en annons som knappt fått
-- pengar är det vanligaste sättet att döda något som hade fungerat.

create or replace view ad_health as
with fonster as (
    select
        p.customer_id, p.platform, p.account_id,
        p.campaign_id, max(p.campaign_name) as campaign_name,
        p.ad_id,       max(p.ad_name)       as ad_name,
        count(*)                as days,
        min(p.date)             as first_date,
        max(p.date)             as last_date,
        sum(p.spend)            as spend,
        max(p.currency)         as currency,
        sum(p.impressions)      as impressions,
        sum(p.clicks)           as clicks,
        sum(p.link_clicks)      as link_clicks,
        sum(p.results)          as results,
        max(p.result_type)      as result_type,
        sum(p.video_3s)         as video_3s,
        sum(p.video_p100)       as video_p100,
        sum(p.video_plays)      as video_plays
    from ad_performance p
    where p.date >= current_date - interval '30 days'
    group by p.customer_id, p.platform, p.account_id, p.campaign_id, p.ad_id
),
med_mal as (
    select f.*,
           k.name as customer_name,
           m.target_cost, m.spend_floor, m.yellow_margin, m.scope as target_scope
    from fonster f
    join customers k on k.id = f.customer_id
    left join lateral (
        select t.* from ad_targets t
        where t.active and t.customer_id = f.customer_id
          and (
              (t.scope = 'ad'       and t.scope_id = f.ad_id)
           or (t.scope = 'campaign' and t.scope_id = f.campaign_id)
           or (t.scope = 'customer')
          )
        order by case t.scope when 'ad' then 1 when 'campaign' then 2 else 3 end
        limit 1
    ) m on true
)
select
    customer_id, customer_name, platform, account_id,
    campaign_id, campaign_name, ad_id, ad_name,
    days, first_date, last_date, currency,
    round(spend, 2)                                            as spend,
    impressions, clicks, link_clicks, results, result_type,
    round(clicks::numeric      / nullif(impressions, 0) * 100, 3) as ctr_pct,
    round(spend                / nullif(clicks, 0), 2)            as cpc,
    round(spend * 1000         / nullif(impressions, 0), 2)       as cpm,
    -- Hook rate: andelen som stannade tre sekunder. Bara meningsfull för video.
    round(video_3s::numeric    / nullif(impressions, 0) * 100, 2) as hook_rate_pct,
    -- Hold rate: av dem som stannade tre sekunder, hur många såg klart.
    round(video_p100::numeric  / nullif(video_3s, 0)    * 100, 2) as hold_rate_pct,
    round(spend                / nullif(results, 0), 2)           as cost_per_result,
    target_cost, spend_floor, yellow_margin, target_scope,
    case
        when target_cost is null                     then 'grey'
        when spend < coalesce(spend_floor, 0)        then 'grey'
        when coalesce(results, 0) = 0                then 'red'
        when spend / results <= target_cost          then 'green'
        when spend / results <= target_cost * (1 + coalesce(yellow_margin, 0.25)) then 'yellow'
        else 'red'
    end as status,
    case
        when target_cost is null then 'Inget mål satt för kunden'
        when spend < coalesce(spend_floor, 0)
            then 'Har spenderat ' || round(spend, 0) || ' av ' || round(spend_floor, 0) || ' innan den kan dömas'
        when coalesce(results, 0) = 0
            then 'Noll resultat efter ' || round(spend, 0) || ' i spend'
        when spend / results <= target_cost
            then round(spend / results, 0) || ' per resultat mot målet ' || round(target_cost, 0)
        when spend / results <= target_cost * (1 + coalesce(yellow_margin, 0.25))
            then round(spend / results, 0) || ' per resultat, över målet ' || round(target_cost, 0) || ' men inom marginalen'
        else round(spend / results, 0) || ' per resultat mot målet ' || round(target_cost, 0) || ', klart över'
    end as reason
from med_mal;

comment on view ad_health is
'Grönt/gult/rött per annons de senaste 30 dagarna. Grått = under spendgolvet, alltså för tidigt att döma.';"
20260909172135,ad_funnel_view,"-- Stänger loopen: annonsens kostnad möter vad den faktiskt gav i CRM:et.
--
-- Meta vet vad en annons kostade och hur många formulär som fylldes i, men
-- inget om vad som hände sedan. ce_leads vet vem som blev het, överlämnad och
-- bokad, men inget om vad det kostade. Kopplingen är ad_id, som är globalt
-- unikt hos Meta, så ingen tenant- eller kundnyckel behövs i joinen.
--
-- FULL OUTER med flit: en annons utan hämtade siffror ska synas med sina leads
-- (det är läget innan META_ADS_TOKEN är satt), och en annons utan leads ska
-- synas med sin spend. Att tysta den ena sidan skulle dölja precis det man
-- letar efter.

create or replace view ad_funnel as
with spend as (
    select ad_id,
           min(customer_id::text)  as customer_id,
           max(account_id)         as account_id,
           max(campaign_name)      as campaign_name,
           max(ad_name)            as ad_name,
           max(currency)           as currency,
           min(date)               as first_date,
           max(date)               as last_date,
           sum(p.spend)            as spend,
           sum(impressions)        as impressions,
           sum(clicks)             as clicks,
           sum(results)            as meta_results
    from ad_performance p
    group by ad_id
),
leads as (
    select ad_id,
           count(*)                                          as leads,
           count(*) filter (where hot_at is not null)         as heta,
           count(*) filter (where handed_off_at is not null)  as overlamnade,
           count(*) filter (where booked_at is not null)      as bokade,
           count(*) filter (where paid_at is not null)        as betalda,
           min(created_at)                                    as forsta_lead,
           max(created_at)                                    as senaste_lead
    from ce_leads
    where ad_id is not null
    group by ad_id
)
select
    coalesce(s.ad_id, l.ad_id)                     as ad_id,
    s.customer_id, s.account_id, s.campaign_name, s.ad_name, s.currency,
    s.first_date, s.last_date,
    round(s.spend, 2)                              as spend,
    s.impressions, s.clicks,
    s.meta_results,
    coalesce(l.leads, 0)                           as leads,
    coalesce(l.heta, 0)                            as heta,
    coalesce(l.overlamnade, 0)                     as overlamnade,
    coalesce(l.bokade, 0)                          as bokade,
    coalesce(l.betalda, 0)                         as betalda,
    l.forsta_lead, l.senaste_lead,
    -- De tre siffror som faktiskt styr var pengarna ska ligga. Meta kan bara
    -- räkna den första av dem.
    round(s.spend / nullif(l.leads, 0), 2)         as kostnad_per_lead,
    round(s.spend / nullif(l.heta, 0), 2)          as kostnad_per_het,
    round(s.spend / nullif(l.bokade, 0), 2)        as kostnad_per_bokning,
    -- Skillnaden mellan Metas resultaträkning och vår. Avviker de kraftigt
    -- läser vi fel actiontyp, eller så tappar intaget leads.
    case when s.meta_results is not null and l.leads is not null
         then s.meta_results - l.leads end        as diff_meta_mot_crm
from spend s
full outer join leads l on l.ad_id = s.ad_id;

comment on view ad_funnel is
'Annonskostnad möter CRM-utfall via ad_id. Rader utan spend = siffror inte hämtade än. Rader utan leads = annons utan formulärsintag.';"
20260909172227,ads_sync_schedule,"-- Daglig hämtning av egna annonssiffror.
--
-- Fönstret är tre dagar bakåt, inte bara gårdagen: Meta räknar om resultat i
-- efterhand när attributionsfönstret stänger, så gårdagens siffra är inte
-- slutgiltig. upsert på (platform, ad_id, date) gör omhämtningen gratis.
--
-- Nyckeln ligger i vault, inte i jobbet. Saknas den gör funktionen ingenting
-- och loggar det, i stället för att skicka ett anrop som ändå nekas.

create or replace function ads_sync_daglig()
returns void
language plpgsql
security definer
set search_path = public, vault, pg_temp
as $$
declare
    nyckel text;
    fran   date := current_date - 3;
    till   date := current_date - 1;
begin
    select decrypted_secret into nyckel
      from vault.decrypted_secrets where name = 'ADS_SYNC_KEY' limit 1;

    if nyckel is null then
        raise notice 'ads_sync: ADS_SYNC_KEY saknas i vault, hoppar över';
        return;
    end if;

    perform net.http_post(
        url := 'https://wfwqjxsuvbacvcmpiesl.supabase.co/functions/v1/ads-sync'
               || '?from=' || fran::text || '&to=' || till::text,
        headers := jsonb_build_object('Content-Type', 'application/json', 'x-ads-key', nyckel),
        body := '{}'::jsonb,
        timeout_milliseconds := 120000
    );
end $$;

comment on function ads_sync_daglig is
'Anropar ads-sync för de tre senaste dagarna. Läser ADS_SYNC_KEY ur vault; utan den gör den ingenting.';

select cron.schedule('ads_sync_daglig', '15 6 * * *', 'select ads_sync_daglig();');"
20260909172536,ads_sync_lock_down,"-- Säkerhetsgranskningen fångade två saker som infördes samma dag.
--
-- 1. ads_sync_daglig() är SECURITY DEFINER och låg exponerad på
--    /rest/v1/rpc/ads_sync_daglig för både anon och authenticated. Den läser
--    en nyckel ur vault och triggar hämtning mot Meta plus skrivningar i
--    ad_performance. Ingen utomstående ska kunna starta den. Bara cron, som
--    kör som postgres, behöver den.
revoke all on function public.ads_sync_daglig() from public, anon, authenticated;

-- 2. Vyerna ad_health och ad_funnel skapades som SECURITY DEFINER (Postgres
--    standard), vilket kringgår RLS på ad_performance och ce_leads. Med
--    security_invoker gäller den anropandes rättigheter i stället, alltså
--    samma spärr som på bastabellerna: bara service-rollen läser.
alter view public.ad_health  set (security_invoker = true);
alter view public.ad_funnel  set (security_invoker = true);"
20260910123752,meta_ads_daily_and_customer_status_ad_account,"-- Annonsstatistik per kund, kampanj och dygn.
-- Tokenet bor pa VPS:en; den skickar hit raderna via SCC:s API. En hemlighet,
-- ett stalle. Rader ar idempotenta pa (customer_id, date, campaign_id) sa att
-- en omkorning av samma dygn skriver over i stallet for att dubblera.
create table if not exists meta_ads_daily (
    id            uuid primary key default gen_random_uuid(),
    customer_id   uuid not null references customers(id) on delete cascade,
    ad_account_id text not null,
    date          date not null,
    campaign_id   text not null,
    campaign_name text,
    spend         numeric(12,2) not null default 0,
    impressions   bigint not null default 0,
    clicks        bigint not null default 0,
    leads         bigint not null default 0,
    currency      text not null default 'SEK',
    fetched_at    timestamptz not null default now(),
    unique (customer_id, date, campaign_id)
);

create index if not exists meta_ads_daily_kund_datum
    on meta_ads_daily (customer_id, date desc);

-- Samma monster som site_tenant_slug: vyn exponerar om kunden HAR ett
-- annonskonto, sa att granssnittet kan visa fliken utan att lasa config.
create or replace view customer_status as
 WITH recent_activities AS (
         SELECT activities.customer_id,
            count(*) FILTER (WHERE activities.severity = 'error'::text AND activities.created_at > (now() - '24:00:00'::interval)) AS errors_24h,
            count(*) FILTER (WHERE activities.severity = 'warn'::text AND activities.created_at > (now() - '24:00:00'::interval)) AS warnings_24h,
            max(activities.created_at) AS last_activity
           FROM activities
          WHERE activities.customer_id IS NOT NULL
          GROUP BY activities.customer_id
        ), pending_tasks AS (
         SELECT tasks.customer_id,
            count(*) FILTER (WHERE tasks.status = ANY (ARRAY['created'::text, 'assigned'::text, 'in_progress'::text, 'review'::text])) AS open_tasks,
            count(*) FILTER (WHERE tasks.status = 'failed'::text AND tasks.updated_at > (now() - '24:00:00'::interval)) AS failed_tasks_24h
           FROM tasks
          WHERE tasks.customer_id IS NOT NULL
          GROUP BY tasks.customer_id
        ), crm_contacts AS (
         SELECT contacts.customer_id,
            count(*) AS contacts_count
           FROM contacts
          WHERE contacts.customer_id IS NOT NULL
          GROUP BY contacts.customer_id
        ), crm_opps AS (
         SELECT opportunities.customer_id,
            count(*) AS open_opportunities
           FROM opportunities
          WHERE opportunities.status = 'open'::text AND opportunities.customer_id IS NOT NULL
          GROUP BY opportunities.customer_id
        )
 SELECT c.id,
    c.name,
    c.slug,
    COALESCE(ra.errors_24h, 0::bigint) AS errors_24h,
    COALESCE(ra.warnings_24h, 0::bigint) AS warnings_24h,
    COALESCE(pt.open_tasks, 0::bigint) AS open_tasks,
    COALESCE(pt.failed_tasks_24h, 0::bigint) AS failed_tasks_24h,
    ra.last_activity,
        CASE
            WHEN COALESCE(ra.errors_24h, 0::bigint) > 0 OR COALESCE(pt.failed_tasks_24h, 0::bigint) > 0 THEN 'error'::text
            WHEN COALESCE(ra.warnings_24h, 0::bigint) > 2 OR COALESCE(pt.open_tasks, 0::bigint) > 10 THEN 'warning'::text
            ELSE 'active'::text
        END AS status,
    COALESCE(cc.contacts_count, 0::bigint) AS contacts_count,
    COALESCE(co.open_opportunities, 0::bigint) AS open_opportunities,
    c.site_tenant_id,
    st.slug AS site_tenant_slug,
    NULLIF(c.config -> 'meta' ->> 'ad_account_id', '') AS meta_ad_account_id
   FROM customers c
     LEFT JOIN recent_activities ra ON ra.customer_id = c.id
     LEFT JOIN pending_tasks pt ON pt.customer_id = c.id
     LEFT JOIN crm_contacts cc ON cc.customer_id = c.id
     LEFT JOIN crm_opps co ON co.customer_id = c.id
     LEFT JOIN tenants st ON st.id = c.site_tenant_id;"
20260910132751,gateway_cron_jobs,"-- Schemalagda jobb speglade fran gatewayns sqlite pa VPS:en.
-- Backenden kor pa Render och kan inte lasa den filen; VPS:en pushar hit,
-- samma riktning som claw-pollern och meta_ads_sync.
create table if not exists gateway_cron_jobs (
    job_id          text primary key,
    name            text not null,
    enabled         boolean not null default true,
    schedule_expr   text,
    schedule_tz     text,
    next_run_at     timestamptz,
    last_run_at     timestamptz,
    last_run_status text,
    run_count       integer not null default 0,
    last_error      text,
    last_summary    text,
    agent_id        text,
    synced_at       timestamptz not null default now()
);

create index if not exists gateway_cron_jobs_synk on gateway_cron_jobs (synced_at desc);"
20260910133548,gateway_commands,"-- Knapptryck fran panelen som maste utforas pa VPS:en.
-- Render nar varken gatewayn (loopback) eller openclaw-CLI:t, sa panelen koar
-- ett kommando har och VPS:en hamtar det. Samma pull-riktning som allt annat.
create table if not exists gateway_commands (
    id           uuid primary key default gen_random_uuid(),
    kind         text not null check (kind in ('run','enable','disable')),
    job_id       text not null,
    job_name     text,
    status       text not null default 'pending' check (status in ('pending','claimed','done','failed')),
    requested_by text,
    requested_at timestamptz not null default now(),
    claimed_at   timestamptz,
    finished_at  timestamptz,
    result       text,
    error        text
);

-- En knapp ska inte kunna koa samma sak tio ganger medan den forsta vantar.
create unique index if not exists gateway_commands_en_i_taget
    on gateway_commands (kind, job_id)
    where status in ('pending','claimed');

create index if not exists gateway_commands_kö
    on gateway_commands (status, requested_at);"
20260915151430,ce_history_stage,"-- Mellanlager för WhatsApp Coexistence-historiken.
--
-- Importen görs i SQL med flit. Koden som skickar meddelanden bor i edge-
-- funktionen; gör vi det här i databasen är det fysiskt omöjligt att ett
-- gammalt meddelande råkar besvaras. Det var det hårdaste kravet.
--
-- Staging först, insert sedan, så vi kan titta på vad som kommer in innan
-- något rör ce_messages.

create table if not exists ce_history_stage (
    wamid        text primary key,
    motpart      text not null,          -- wa_id på den andra parten
    riktning     text not null check (riktning in ('inbound','outbound')),
    typ          text,
    kropp        text,
    skickad_at   timestamptz not null,
    lead_id      uuid,                   -- null = okänd motpart
    rapayload    jsonb not null,
    importerad   boolean not null default false,
    created_at   timestamptz not null default now()
);
comment on table ce_history_stage is
'Parsad Coexistence-historik. lead_id null = motpart finns inte i CRM. importerad = raden har skrivits till ce_messages.';

create index if not exists idx_hist_stage_motpart on ce_history_stage (motpart);
create index if not exists idx_hist_stage_lead on ce_history_stage (lead_id) where lead_id is not null;

alter table ce_history_stage enable row level security;"
20260916121906,scc_robotfilter,"ALTER TABLE public.sessions ADD COLUMN IF NOT EXISTS is_robot boolean NOT NULL DEFAULT false;

CREATE OR REPLACE FUNCTION public.ar_robot(ua text) RETURNS boolean
LANGUAGE sql IMMUTABLE AS $$
  SELECT ua IS NOT NULL AND btrim(ua) <> '' AND (
         btrim(ua) !~* '^mozilla/'
      OR ua ~* ('(?<!cu)bot\y|bot/|crawl|spider|slurp|scrap|headless|lighthouse|pagespeed|gtmetrix|pingdom|uptime|statuscake|site24x7'
             || '|moto g power \(2022\)|edge/12\.246'
             || '|bingpreview|facebookexternalhit|meta-external|meta-webindexer'
             || '|google-inspectiontool|googleother|google-read-aloud|adsbot|mediapartners'
             || '|dataprovider|bitsight|ahrefs|semrush|mj12|petalbot|yandex|baidu|sogou'
             || '|bytespider|gptbot|claudebot|perplexity|ccbot|applebot|duckduck'
             || '|linkedinbot|twitterbot|slackbot|discordbot|telegrambot|whatsapp'
             || '|curl/|wget|python|axios|node-fetch|undici|go-http|java/|okhttp|httpclient|postman'))
$$;

UPDATE public.sessions s SET is_robot = true
WHERE NOT s.is_robot
  AND public.ar_robot(s.user_agent)
  AND NOT EXISTS (SELECT 1 FROM public.prospects p WHERE p.session_uuid = s.session_uuid)
  AND NOT EXISTS (SELECT 1 FROM public.voice_calls v WHERE v.session_uuid = s.session_uuid)
  AND NOT EXISTS (SELECT 1 FROM public.interactions i WHERE i.session_uuid = s.session_uuid);

CREATE INDEX IF NOT EXISTS idx_sessions_is_robot ON public.sessions (tenant_id) WHERE is_robot;

CREATE TABLE IF NOT EXISTS public.events_robot_arkiv (LIKE public.events INCLUDING ALL);
ALTER TABLE public.events_robot_arkiv ENABLE ROW LEVEL SECURITY;
DO $$ BEGIN
  IF NOT EXISTS (SELECT 1 FROM pg_policies WHERE tablename = 'events_robot_arkiv' AND policyname = 'anon_spärr') THEN
    CREATE POLICY anon_spärr ON public.events_robot_arkiv AS RESTRICTIVE FOR ALL TO anon, authenticated USING (false);
  END IF;
END $$;

WITH flyttade AS (
  DELETE FROM public.events e
  USING public.sessions s
  WHERE s.session_uuid = e.session_uuid AND s.is_robot
  RETURNING e.*
)
INSERT INTO public.events_robot_arkiv SELECT * FROM flyttade ON CONFLICT DO NOTHING;"
20260917104536,ce_mirror_stadar_dolda_leads,"-- Speglingen skapade och uppdaterade, men städade aldrig.
--
-- ce_mirror_lead läser ce_lead_overview, som filtrerar bort erased_at. När ett lead
-- doldes hittade funktionen ingenting och returnerade tyst, medan kontakten och
-- affären låg kvar i CRM-brädet för alltid. Det märktes 17 sep när fyra testkort
-- för Gustav, Julia och Joakim vägrade försvinna, plus två föräldralösa kort vars
-- ce_leads-rad var helt borta sedan tidigare.
--
-- Nu: hittas inte leadet i vyn, ta bort speglingen i stället för att lämna den.

create or replace function public.ce_mirror_lead(p_lead_id uuid)
 returns void
 language plpgsql
as $function$
declare
  l record; v_customer uuid; v_pipeline uuid; v_stage uuid; v_contact uuid;
  v_titel text; v_nyckel text; v_hot boolean; v_forra text;
begin
  v_nyckel := 'ce:' || p_lead_id::text;

  select * into l from ce_lead_overview where id = p_lead_id;
  if not found then
    -- Leadet är dolt eller borta. Riv kopian, annars spökar den kvar i brädet.
    v_forra := coalesce(current_setting('ce.mirroring', true), '0');
    perform set_config('ce.mirroring', '1', true);
    delete from opportunities o
     using contacts c
     where o.contact_id = c.id and c.dedupe_key = v_nyckel;
    delete from contacts where dedupe_key = v_nyckel;
    perform set_config('ce.mirroring', v_forra, true);
    return;
  end if;

  select id into v_customer from customers where site_tenant_id = l.tenant_id limit 1;
  select id into v_pipeline from pipelines where name like 'Cold Experience%' limit 1;
  if v_customer is null or v_pipeline is null then return; end if;

  v_forra := coalesce(current_setting('ce.mirroring', true), '0');
  perform set_config('ce.mirroring', '1', true);

  v_hot := l.hot_at is not null;
  select s.id into v_stage from stages s
    where s.pipeline_id = v_pipeline and s.name = ce_stage_for(l.status, v_hot) limit 1;

  insert into contacts (customer_id, tenant_id, name, email, phone, source, status, dedupe_key, tags, custom)
  values (
    v_customer, l.tenant_id,
    coalesce(nullif(l.name,''), 'Okänt namn'), l.email, l.phone,
    'cold_experience', ce_contact_status_for(l.status), v_nyckel,
    array_remove(array[
      'cold-experience',
      case when l.country is not null then 'land:'  || lower(l.country) end,
      case when l.channel is not null then 'kanal:' || l.channel end,
      case when l.intent  is not null then 'vill:'  || l.intent end,
      case when not l.answered then 'obesvarad' end
    ], null),
    jsonb_strip_nulls(jsonb_build_object(
      'ce_lead_id', l.id, 'ce_channel', l.channel, 'ce_intent', l.intent,
      'ce_country', l.country, 'ce_message', l.guest_message,
      'ce_last_inbound', l.last_inbound_body, 'ce_received_at', l.received_at,
      'ce_answered', l.answered, 'ce_messages_in', l.messages_in, 'ce_messages_out', l.messages_out,
      'ce_travel_when', l.travel_when, 'ce_days', l.days, 'ce_adults', l.adults,
      'ce_departure', l.departure, 'ce_price_eur', l.price_quoted_eur,
      'ce_callback', l.callback_window, 'ce_ad_name', l.ad_name, 'ce_status', l.status,
      -- Nytt 17 sep: senaste aktivitet och om tråden är levande, så CRM-kortet kan
      -- visa att ett samtal pågår utan att fråga databasen en gång per kort.
      'ce_last_message_at', l.last_message_at,
      'ce_human_active', l.human_active,
      'ce_form', (select qualification->'form' from ce_leads where id = l.id)
    ))
  )
  on conflict (dedupe_key) where dedupe_key is not null do update set
    name = excluded.name, email = excluded.email, phone = excluded.phone,
    status = excluded.status, tags = excluded.tags,
    custom = coalesce(contacts.custom, '{}'::jsonb) || excluded.custom,
    updated_at = now()
  returning id into v_contact;

  if v_contact is null then select id into v_contact from contacts where dedupe_key = v_nyckel; end if;

  if v_contact is not null then
    v_titel := coalesce(nullif(l.name,''), 'Okänt namn')
               || case when l.days is not null then ' · ' || l.days || ' dagar' else '' end;

    if exists (select 1 from opportunities where contact_id = v_contact and pipeline_id = v_pipeline) then
      update opportunities set stage_id = v_stage, title = v_titel,
        status = case when l.status='booked' then 'won'
                      when l.status in ('cold','lost','opted_out') then 'lost' else 'open' end,
        updated_at = now()
      where contact_id = v_contact and pipeline_id = v_pipeline
        and (stage_id is distinct from v_stage or title is distinct from v_titel);
    else
      insert into opportunities (contact_id, pipeline_id, stage_id, customer_id, tenant_id, title, status)
      values (v_contact, v_pipeline, v_stage, v_customer, l.tenant_id, v_titel,
              case when l.status='booked' then 'won'
                   when l.status in ('cold','lost','opted_out') then 'lost' else 'open' end);
    end if;
  end if;

  perform set_config('ce.mirroring', v_forra, true);
end $function$;"
20260917142818,tillat_overlamning_fran_contacted,"-- En gäst kan be om att få prata med en människa när som helst, också i sitt
-- allra första svar. Fram till 17 sep saknade 'contacted' och 'new' övergången
-- till 'handed_off', så vakten kastade ett undantag, hela uppdateringen rullades
-- tillbaka, och koden som inte kontrollerade felet gick vidare som om allt gått
-- bra. Kortet till Gustav hade då redan skickats. Resultatet: tre gäster den
-- 17 sep som Gustav fått SMS om men som aldrig hamnade i Överlämnad, och samtidigt
-- tappade samma uppdatering namn, telefon, sällskapsstorlek och chattens tillstånd.
create or replace function public.ce_valid_transition(p_from text, p_to text)
returns boolean
language sql
immutable
set search_path to 'public', 'pg_temp'
as $function$
    SELECT CASE
        WHEN p_from = p_to THEN true
        -- opted_out är slutgiltigt: bara GDPR-radering rör leadet efter det
        WHEN p_from = 'opted_out' THEN false
        -- avfarter tillåtna från alla aktiva lägen
        WHEN p_to IN ('cold', 'nurture', 'opted_out') THEN true
        -- överlämning till människa är tillåten från varje aktivt läge: det är
        -- gästen som avgör när hon vill prata med Gustav, inte vår trappa
        WHEN p_to = 'handed_off' AND p_from IN ('new', 'contacted', 'in_conversation', 'qualifying', 'hot', 'booked') THEN true
        -- återupptagning
        WHEN p_from IN ('cold', 'nurture') AND p_to IN ('contacted', 'in_conversation', 'qualifying', 'hot') THEN true
        WHEN p_from = 'new'             AND p_to IN ('contacted', 'in_conversation') THEN true
        WHEN p_from = 'contacted'       AND p_to IN ('in_conversation', 'qualifying', 'hot') THEN true
        WHEN p_from = 'in_conversation' AND p_to IN ('qualifying', 'hot', 'handed_off') THEN true
        WHEN p_from = 'qualifying'      AND p_to IN ('in_conversation', 'hot', 'handed_off') THEN true
        WHEN p_from = 'hot'             AND p_to IN ('handed_off', 'booked', 'in_conversation') THEN true
        WHEN p_from = 'handed_off'      AND p_to IN ('booked', 'in_conversation', 'hot') THEN true
        WHEN p_from = 'booked'          AND p_to IN ('paid', 'handed_off') THEN true
        WHEN p_from = 'paid'            AND p_to IN ('booked') THEN true
        ELSE false
    END
$function$;"